ID,True Composition,Ionic conductivity (S cm-1),Family,conductivity_value,conductivity_qualifier,conductivity_used,sample_weight,log10_conductivity,Z_by_element,χₐₗₗ,χ⁻,χ⁺(incl Li⁺),χ⁺(excl Li⁺),χ⁺(incl Li⁺) - χ⁻,χ⁺(excl Li⁺) - χ⁻,χₘₐₓ - χₘᵢₙ,rₐₗₗ (pm),r⁻ (pm),r⁺(incl Li⁺) (pm),r⁺(excl Li⁺) (pm),r⁺(excl Li⁺) - r⁻,r⁺(incl Li⁺) - r⁻,r⁺(excl Li⁺) / r⁻,r⁺(incl Li⁺) / r⁻,ρₐₗₗ (C m⁻³),ρ⁻ (C m⁻³),ρ⁺(incl Li⁺) (C m⁻³),ρ⁺(excl Li⁺) (C m⁻³),ρ⁺(incl Li⁺) / ρ⁻,ρ⁺(incl Li⁺) - ρ⁻,Φ⁺(incl Li⁺) (|Z| pm⁻¹),Φ⁺(excl Li⁺) (|Z| pm⁻¹),nₕₐₗᵢdₑ,nₕₒₛₜ cₐₜᵢₒₙ,nₐₙᵢₒₙ,n_Li,family,r_ratio_x_chi_diff,log_rho_ratio,n_Li × r⁻ (pm),chi_range_x_r_avg,field_x_r_diff
pred_0001,Li6.72Si0.7Sb0.29Bi0.01S4.8IO0.2,1e-06,argyrodites,1e-06,exact,1e-06,1.0,-6.0,"[{""element"": ""Li"", ""value"": 1.0}, {""element"": ""Si"", ""value"": 4.0}, {""element"": ""I"", ""value"": -1.0}, {""element"": ""O"", ""value"": -2.0}, {""element"": ""Sb"", ""value"": 5.0}, {""element"": ""Bi"", ""value"": 3.0}, {""element"": ""S"", ""value"": -2.0}]",1.768301749271137,2.6220000000000003,1.1048056994818654,1.9434999999999996,-1.517194300518135,-0.6785000000000008,2.46,118.51093294460642,188.47333333333336,64.1360103626943,41.53,-146.94333333333336,-124.33732297063906,0.22034947472675176,0.3402922271728677,301865647555.7385,11387498950.47643,527625866678.9992,3237607375902.937,46.33377960986985,516238367728.52277,0.02705465922365666,0.10930641365107384,0.0728862973760933,0.0728862973760933,0.3644314868804665,0.489795918367347,2.0,-0.5162894275772973,1.6658977285812775,92.31346938775512,291.5368950437318,-3.3639039017523773
pred_0002,Li6.74Si0.7Sb0.28Bi0.02S4.8IO0.2,1e-06,argyrodites,1e-06,exact,1e-06,1.0,-6.0,"[{""element"": ""Li"", ""value"": 1.0}, {""element"": ""Si"", ""value"": 4.0}, {""element"": ""I"", ""value"": -1.0}, {""element"": ""O"", ""value"": -2.0}, {""element"": ""Sb"", ""value"": 5.0}, {""element"": ""Bi"", ""value"": 3.0}, {""element"": ""S"", ""value"": -2.0}]",1.7670451237263467,2.6220000000000003,1.1042894056847545,1.942,-1.5177105943152458,-0.6800000000000004,2.46,118.4679767103348,188.47333333333336,64.20025839793281,41.96,-146.51333333333335,-124.27307493540054,0.22263096459269213,0.3406331137805497,301039357559.6099,11387498950.47643,525575682062.81415,3229804368132.0693,46.15374142720119,514188183112.3377,0.026952996680299057,0.10876434245366283,0.0727802037845706,0.0727802037845706,0.36390101892285304,0.4905385735080059,2.0,-0.5169824855593309,1.664206912627935,92.45344007763224,291.4312227074236,-3.349531776184407
pred_0003,Li6.76Si0.7Sb0.27Bi0.03S4.8IO0.2,1e-06,argyrodites,1e-06,exact,1e-06,1.0,-6.0,"[{""element"": ""Li"", ""value"": 1.0}, {""element"": ""Si"", ""value"": 4.0}, {""element"": ""I"", ""value"": -1.0}, {""element"": ""O"", ""value"": -2.0}, {""element"": ""Sb"", ""value"": 5.0}, {""element"": ""Bi"", ""value"": 3.0}, {""element"": ""S"", ""value"": -2.0}]",1.7657921511627908,2.6220000000000003,1.1037757731958762,1.9404999999999997,-1.5182242268041242,-0.6815000000000007,2.46,118.4251453488372,188.47333333333336,64.26417525773195,42.39,-146.08333333333337,-124.20915807560141,0.2249124544586325,0.34097224324076936,300215469569.284,11387498950.47643,523536065408.5682,3222001360361.2017,45.97463127640196,512148566458.09174,0.0268518581706701,0.10822227125625182,0.07267441860465117,0.07267441860465117,0.3633720930232558,0.49127906976744184,2.0,-0.5176723203558848,1.6625182548156914,92.593003875969,291.32585755813955,-3.3352466961443916
pred_0004,Li6.78Si0.7Sb0.26Bi0.04S4.8IO0.2,1e-06,argyrodites,1e-06,exact,1e-06,1.0,-6.0,"[{""element"": ""Li"", ""value"": 1.0}, {""element"": ""Si"", ""value"": 4.0}, {""element"": ""I"", ""value"": -1.0}, {""element"": ""O"", ""value"": -2.0}, {""element"": ""Sb"", ""value"": 5.0}, {""element"": ""Bi"", ""value"": 3.0}, {""element"": ""S"", ""value"": -2.0}]",1.7645428156748912,2.6220000000000003,1.1032647814910026,1.9389999999999998,-1.5187352185089977,-0.6830000000000005,2.46,118.3824383164006,188.47333333333336,64.32776349614397,42.82,-145.65333333333336,-124.14556983718938,0.22719394432457285,0.34130962910479273,299393973126.09985,11387498950.47643,521506935215.2696,3214198352590.3345,45.79644200041404,510119436264.79315,0.02675123965337857,0.10768020005884082,0.07256894049346879,0.07256894049346879,0.362844702467344,0.49201741654571846,2.0,-0.5183589541376924,1.6608317382743814,92.73216255442672,291.22079825834544,-3.3210478906198992
pred_0005,Li6.8Si0.7Sb0.25Bi0.05S4.8IO0.2,1e-06,argyrodites,1e-06,exact,1e-06,1.0,-6.0,"[{""element"": ""Li"", ""value"": 1.0}, {""element"": ""Si"", ""value"": 4.0}, {""element"": ""I"", ""value"": -1.0}, {""element"": ""O"", ""value"": -2.0}, {""element"": ""Sb"", ""value"": 5.0}, {""element"": ""Bi"", ""value"": 3.0}, {""element"": ""S"", ""value"": -2.0}]",1.7632971014492755,2.6220000000000003,1.1027564102564102,1.9374999999999998,-1.51924358974359,-0.6845000000000006,2.46,118.33985507246378,188.47333333333336,64.39102564102565,43.24999999999999,-145.22333333333336,-124.08230769230771,0.22947543419051317,0.3416452847848978,298574857832.02637,11387498950.47643,519488210817.83405,3206395344819.467,45.61916651558503,508100711867.3576,0.02665113712848341,0.10713812886142982,0.07246376811594203,0.07246376811594203,0.3623188405797102,0.4927536231884058,2.0,-0.5190424088755793,1.6591473462411797,92.87091787439616,291.1160434782609,-3.3069345975263644
pred_0006,Li6.82Si0.7Sb0.24Bi0.06S4.8IO0.2,1e-06,argyrodites,1e-06,exact,1e-06,1.0,-6.0,"[{""element"": ""Li"", ""value"": 1.0}, {""element"": ""Si"", ""value"": 4.0}, {""element"": ""I"", ""value"": -1.0}, {""element"": ""O"", ""value"": -2.0}, {""element"": ""Sb"", ""value"": 5.0}, {""element"": ""Bi"", ""value"": 3.0}, {""element"": ""S"", ""value"": -2.0}]",1.7620549927641098,2.6220000000000003,1.1022506393861893,1.936,-1.519749360613811,-0.6860000000000004,2.46,118.29739507959479,188.47333333333336,64.4539641943734,43.68,-144.79333333333335,-124.01936913895996,0.23175692405645357,0.34197922355615323,297758113349.2237,11387498950.47643,517479812376.3955,3198592337048.599,45.44279781072956,506092313425.91907,0.02655154663696366,0.1065960576640188,0.0723589001447178,0.0723589001447178,0.361794500723589,0.4934876989869754,2.0,-0.5197227063426715,1.6574650620593845,93.0092715870719,291.0115918958032,-3.292906063579907
pred_0007,Li6.84Si0.7Sb0.23Bi0.07S4.8IO0.2,1e-06,argyrodites,1e-06,exact,1e-06,1.0,-6.0,"[{""element"": ""Li"", ""value"": 1.0}, {""element"": ""Si"", ""value"": 4.0}, {""element"": ""I"", ""value"": -1.0}, {""element"": ""O"", ""value"": -2.0}, {""element"": ""Sb"", ""value"": 5.0}, {""element"": ""Bi"", ""value"": 3.0}, {""element"": ""S"", ""value"": -2.0}]",1.760816473988439,2.6220000000000003,1.1017474489795915,1.9344999999999999,-1.5202525510204088,-0.6875000000000004,2.46,118.25505780346822,188.47333333333336,64.51658163265306,44.11,-144.36333333333334,-123.9567517006803,0.23403841392239394,0.34231145855816764,296943729399.60834,11387498950.47643,515481660865.78064,3190789329277.7314,45.267328946204984,504094161915.3042,0.026452464260196575,0.10605398646660781,0.07225433526011561,0.07225433526011561,0.36127167630057805,0.49421965317919075,2.0,-0.5203998681165712,1.6557848691772121,93.14722543352602,290.9074421965318,-3.2789615441723066
pred_0008,Li6.86Si0.7Sb0.22Bi0.08S4.8IO0.2,1e-06,argyrodites,1e-06,exact,1e-06,1.0,-6.0,"[{""element"": ""Li"", ""value"": 1.0}, {""element"": ""Si"", ""value"": 4.0}, {""element"": ""I"", ""value"": -1.0}, {""element"": ""O"", ""value"": -2.0}, {""element"": ""Sb"", ""value"": 5.0}, {""element"": ""Bi"", ""value"": 3.0}, {""element"": ""S"", ""value"": -2.0}]",1.7595815295815296,2.6220000000000003,1.1012468193384222,1.9329999999999998,-1.5207531806615782,-0.6890000000000005,2.46,118.21284271284273,188.47333333333336,64.57888040712469,44.540000000000006,-143.93333333333334,-123.89445292620867,0.23631990378833434,0.34264200279681306,296131695764.4219,11387498950.47643,513493678065.1436,3182986321506.8647,45.09275305300116,502106179114.6672,0.026353886119443566,0.10551191526919683,0.07215007215007216,0.07215007215007214,0.36075036075036077,0.494949494949495,2.0,-0.5210739155815068,1.6541067511466105,93.28478114478116,290.8035930735931,-3.265100303248065
pred_0009,Li6.88Si0.7Sb0.21Bi0.09S4.8IO0.2,1e-06,argyrodites,1e-06,exact,1e-06,1.0,-6.0,"[{""element"": ""Li"", ""value"": 1.0}, {""element"": ""Si"", ""value"": 4.0}, {""element"": ""I"", ""value"": -1.0}, {""element"": ""O"", ""value"": -2.0}, {""element"": ""Sb"", ""value"": 5.0}, {""element"": ""Bi"", ""value"": 3.0}, {""element"": ""S"", ""value"": -2.0}]",1.7583501440922191,2.6220000000000003,1.100748730964467,1.9315,-1.5212512690355333,-0.6905000000000003,2.46,118.17074927953891,188.47333333333336,64.64086294416244,44.970000000000006,-143.50333333333336,-123.83247038917092,0.2386013936542747,0.3429708691459221,295322002283.8037,11387498950.47643,511515786547.7584,3175183313735.997,44.91906333184405,500128287597.282,0.02625580837534413,0.10496984407178582,0.07204610951008646,0.07204610951008646,0.3602305475504323,0.49567723342939485,2.0,-0.5217448699304539,1.6524306916220841,93.42194044188282,290.70004322766573,-3.251321613183548
pred_0010,Li6.9Si0.7Sb0.2Bi0.1S4.8IO0.2,1e-06,argyrodites,1e-06,exact,1e-06,1.0,-6.0,"[{""element"": ""Li"", ""value"": 1.0}, {""element"": ""Si"", ""value"": 4.0}, {""element"": ""I"", ""value"": -1.0}, {""element"": ""O"", ""value"": -2.0}, {""element"": ""Sb"", ""value"": 5.0}, {""element"": ""Bi"", ""value"": 3.0}, {""element"": ""S"", ""value"": -2.0}]",1.7571223021582736,2.6220000000000003,1.100253164556962,1.93,-1.5217468354430383,-0.6920000000000004,2.46,118.12877697841728,188.47333333333336,64.70253164556962,45.4,-143.07333333333335,-123.77080168776374,0.24088288352021503,0.34329807034895976,294514638856.3671,11387498950.47643,509547909670.96765,3167380305965.1294,44.74625305231305,498160410720.4912,0.02615822722741734,0.10442777287437481,0.07194244604316548,0.07194244604316546,0.3597122302158274,0.4964028776978418,2.0,-0.522412752167231,1.650756674359533,93.55870503597124,290.5967913669065,-3.2376247546681336
pred_0011,Li6.92Si0.7Sb0.19Bi0.11S4.8IO0.2,1e-06,argyrodites,1e-06,exact,1e-06,1.0,-6.0,"[{""element"": ""Li"", ""value"": 1.0}, {""element"": ""Si"", ""value"": 4.0}, {""element"": ""I"", ""value"": -1.0}, {""element"": ""O"", ""value"": -2.0}, {""element"": ""Sb"", ""value"": 5.0}, {""element"": ""Bi"", ""value"": 3.0}, {""element"": ""S"", ""value"": -2.0}]",1.7558979885057469,2.6220000000000003,1.0997601010101008,1.9285,-1.5222398989898995,-0.6935000000000002,2.46,118.08692528735634,188.47333333333336,64.76388888888889,45.830000000000005,-142.64333333333335,-123.70944444444447,0.24316437338615543,0.34362361902066896,293709595438.77954,11387498950.47643,507589971566.28186,3159577298194.262,44.5743155519716,496202472615.8054,0.026061138913570998,0.10388570167696383,0.07183908045977011,0.07183908045977011,0.35919540229885055,0.49712643678160917,2.0,-0.5230775831085668,1.6490846832151083,93.6950766283525,290.49383620689656,-3.2240090165873614
pred_0012,Li6.94Si0.7Sb0.18Bi0.12S4.8IO0.2,1e-06,argyrodites,1e-06,exact,1e-06,1.0,-6.0,"[{""element"": ""Li"", ""value"": 1.0}, {""element"": ""Si"", ""value"": 4.0}, {""element"": ""I"", ""value"": -1.0}, {""element"": ""O"", ""value"": -2.0}, {""element"": ""Sb"", ""value"": 5.0}, {""element"": ""Bi"", ""value"": 3.0}, {""element"": ""S"", ""value"": -2.0}]",1.7546771879483503,2.6220000000000003,1.0992695214105792,1.927,-1.5227304785894211,-0.6950000000000003,2.46,118.04519368723099,188.47333333333336,64.8249370277078,46.260000000000005,-142.21333333333337,-123.64839630562555,0.24544586325209578,0.3439475276486919,292906862045.3457,11387498950.47643,505641897129.6297,3151774290423.3945,44.40324423551096,494254398179.15326,0.025964539709618085,0.10334363047955282,0.07173601147776183,0.07173601147776183,0.3586800573888092,0.4978479196556672,2.0,-0.5237393833861408,1.647414702144078,93.83105691056913,290.3911764705882,-3.210473695908009
pred_0013,Li6.96Si0.7Sb0.17Bi0.13S4.8IO0.2,1e-06,argyrodites,1e-06,exact,1e-06,1.0,-6.0,"[{""element"": ""Li"", ""value"": 1.0}, {""element"": ""Si"", ""value"": 4.0}, {""element"": ""I"", ""value"": -1.0}, {""element"": ""O"", ""value"": -2.0}, {""element"": ""Sb"", ""value"": 5.0}, {""element"": ""Bi"", ""value"": 3.0}, {""element"": ""S"", ""value"": -2.0}]",1.7534598853868193,2.6220000000000003,1.0987814070351758,1.9255,-1.5232185929648245,-0.6965000000000003,2.46,118.00358166189113,188.47333333333336,64.8856783919598,46.69,-141.78333333333336,-123.58765494137356,0.24772735311803612,0.3442698085951671,292106428747.59503,11387498950.47643,503703612011.75476,3143971282652.5264,44.23303257390691,492316113061.2783,0.025868425928800617,0.1028015592821418,0.07163323782234958,0.07163323782234958,0.35816618911174786,0.498567335243553,2.0,-0.5243981734485998,1.645746715199709,93.96664756446992,290.28881088825216,-3.1970180975650915
pred_0014,Li6.98Si0.7Sb0.16Bi0.14S4.8IO0.2,1e-06,argyrodites,1e-06,exact,1e-06,1.0,-6.0,"[{""element"": ""Li"", ""value"": 1.0}, {""element"": ""Si"", ""value"": 4.0}, {""element"": ""I"", ""value"": -1.0}, {""element"": ""O"", ""value"": -2.0}, {""element"": ""Sb"", ""value"": 5.0}, {""element"": ""Bi"", ""value"": 3.0}, {""element"": ""S"", ""value"": -2.0}]",1.7522460658082977,2.6220000000000003,1.098295739348371,1.924,-1.5237042606516293,-0.6980000000000004,2.46,117.9620886981402,188.47333333333336,64.94611528822055,47.12,-141.35333333333335,-123.5272180451128,0.25000884298397646,0.3445904740983015,291308285673.87225,11387498950.47643,501775042608.75635,3136168274881.659,44.0636741035891,490387543658.2799,0.025772793921320578,0.1022594880847308,0.07153075822603719,0.07153075822603719,0.35765379113018597,0.49928469241773965,2.0,-0.5250539735635469,1.64408070653216,94.10185026227947,290.1867381974249,-3.1836415343507247
pred_0015,Li7Si0.7Sb0.15Bi0.15S4.8IO0.2,1e-06,argyrodites,1e-06,exact,1e-06,1.0,-6.0,"[{""element"": ""Li"", ""value"": 1.0}, {""element"": ""Si"", ""value"": 4.0}, {""element"": ""I"", ""value"": -1.0}, {""element"": ""O"", ""value"": -2.0}, {""element"": ""Sb"", ""value"": 3.0}, {""element"": ""Bi"", ""value"": 5.0}, {""element"": ""S"", ""value"": -2.0}]",1.7510357142857143,2.6220000000000003,1.0978124999999999,1.9224999999999997,-1.5241875000000005,-0.6995000000000007,2.46,117.81714285714285,188.47333333333336,64.825,46.099999999999994,-142.37333333333336,-123.64833333333335,0.24459693679035047,0.34394786176647446,287227414177.9832,11387498950.47643,494107350598.6133,3082375143477.5137,43.39033116467956,482719851648.13684,0.02552994689025769,0.1005358714183578,0.07142857142857142,0.07142857142857142,0.35714285714285715,0.5,2.0,-0.5242410315561885,1.6373929647741552,94.23666666666668,289.8301714285714,-3.15673538306888
pred_0016,Li6.7Si0.7Sb0.29Bi0.01S4.8IO0.2,1e-06,argyrodites,1e-06,exact,1e-06,1.0,-6.0,"[{""element"": ""Li"", ""value"": 1.0}, {""element"": ""Si"", ""value"": 4.0}, {""element"": ""I"", ""value"": -1.0}, {""element"": ""O"", ""value"": -2.0}, {""element"": ""Sb"", ""value"": 5.0}, {""element"": ""Bi"", ""value"": 5.0}, {""element"": ""S"", ""value"": -2.0}]",1.7694525547445255,2.6220000000000003,1.10512987012987,1.9434999999999996,-1.5168701298701304,-0.6785000000000008,2.46,118.56569343065695,188.47333333333336,64.09220779220779,41.26,-147.21333333333337,-124.38112554112557,0.21891691132255664,0.3400598199155023,302366113532.9106,11387498950.47643,529102696324.41766,3240913543014.255,46.463468284427904,517715197373.9412,0.027134065650812063,0.10967304625199362,0.07299270072992702,0.07299270072992702,0.36496350364963503,0.48905109489051096,2.0,-0.5158265831988411,1.6671116247618865,92.17309002433092,291.6716058394161,-3.3749656261547982
pred_0017,Li6.7Si0.7Sb0.28Bi0.02S4.8IO0.2,1e-06,argyrodites,1e-06,exact,1e-06,1.0,-6.0,"[{""element"": ""Li"", ""value"": 1.0}, {""element"": ""Si"", ""value"": 4.0}, {""element"": ""I"", ""value"": -1.0}, {""element"": ""O"", ""value"": -2.0}, {""element"": ""Sb"", ""value"": 5.0}, {""element"": ""Bi"", ""value"": 5.0}, {""element"": ""S"", ""value"": -2.0}]",1.7693430656934308,2.6220000000000003,1.104935064935065,1.942,-1.5170649350649352,-0.6800000000000004,2.46,118.57737226277372,188.47333333333336,64.11298701298702,41.42,-147.05333333333334,-124.36034632034634,0.21976583778430192,0.34017007010533945,302037876988.4179,11387498950.47643,528518691043.95667,3236416702354.705,46.412183513030705,517131192093.4802,0.027111281417501513,0.10949760765550239,0.07299270072992702,0.07299270072992702,0.36496350364963503,0.48905109489051096,2.0,-0.5160600853153913,1.666632000768813,92.17309002433092,291.70033576642334,-3.3715683462688584
pred_0018,Li6.7Si0.7Sb0.27Bi0.03S4.8IO0.2,1e-06,argyrodites,1e-06,exact,1e-06,1.0,-6.0,"[{""element"": ""Li"", ""value"": 1.0}, {""element"": ""Si"", ""value"": 4.0}, {""element"": ""I"", ""value"": -1.0}, {""element"": ""O"", ""value"": -2.0}, {""element"": ""Sb"", ""value"": 5.0}, {""element"": ""Bi"", ""value"": 5.0}, {""element"": ""S"", ""value"": -2.0}]",1.769233576642336,2.6220000000000003,1.1047402597402598,1.9404999999999997,-1.5172597402597405,-0.6815000000000007,2.46,118.58905109489052,188.47333333333336,64.13376623376622,41.58,-146.89333333333337,-124.33956709956713,0.22061476424604715,0.3402803202951764,301709640443.9252,11387498950.47643,527934685763.49567,3231919861695.1553,46.360898741633505,516547186813.0192,0.027088497184190964,0.10932216905901115,0.07299270072992702,0.07299270072992702,0.36496350364963503,0.48905109489051096,2.0,-0.5162936303865606,1.6661518465052934,92.17309002433092,291.7290656934307,-3.3681720132601476
pred_0019,Li6.7Si0.7Sb0.26Bi0.04S4.8IO0.2,1e-06,argyrodites,1e-06,exact,1e-06,1.0,-6.0,"[{""element"": ""Li"", ""value"": 1.0}, {""element"": ""Si"", ""value"": 4.0}, {""element"": ""I"", ""value"": -1.0}, {""element"": ""O"", ""value"": -2.0}, {""element"": ""Sb"", ""value"": 5.0}, {""element"": ""Bi"", ""value"": 5.0}, {""element"": ""S"", ""value"": -2.0}]",1.769124087591241,2.6220000000000003,1.1045454545454547,1.9389999999999998,-1.5174545454545456,-0.6830000000000005,2.46,118.60072992700732,188.47333333333336,64.15454545454546,41.74,-146.73333333333335,-124.3187878787879,0.22146369070779243,0.34039057048501353,301381403899.4325,11387498950.47643,527350680483.0346,3227423021035.6055,46.309613970236306,515963181532.55817,0.027065712950880415,0.10914673046251992,0.07299270072992702,0.07299270072992702,0.36496350364963503,0.48905109489051096,2.0,-0.5165272184123497,1.6656711607974999,92.17309002433092,291.757795620438,-3.364776627128665
pred_0020,Li6.7Si0.7Sb0.25Bi0.05S4.8IO0.2,1e-06,argyrodites,1e-06,exact,1e-06,1.0,-6.0,"[{""element"": ""Li"", ""value"": 1.0}, {""element"": ""Si"", ""value"": 4.0}, {""element"": ""I"", ""value"": -1.0}, {""element"": ""O"", ""value"": -2.0}, {""element"": ""Sb"", ""value"": 5.0}, {""element"": ""Bi"", ""value"": 5.0}, {""element"": ""S"", ""value"": -2.0}]",1.7690145985401462,2.6220000000000003,1.1043506493506494,1.9374999999999998,-1.517649350649351,-0.6845000000000006,2.46,118.6124087591241,188.47333333333336,64.17532467532467,41.89999999999999,-146.57333333333338,-124.29800865800868,0.22231261716953762,0.34050082067485055,301053167354.9398,11387498950.47643,526766675202.5736,3222926180376.0557,46.258329198839114,515379176252.09717,0.02704292871756987,0.10897129186602869,0.07299270072992702,0.07299270072992702,0.36496350364963503,0.48905109489051096,2.0,-0.516760849392758,1.6651899424677032,92.17309002433092,291.78652554744525,-3.361382187874411
pred_0021,Li6.7Si0.7Sb0.24Bi0.06S4.8IO0.2,1e-06,argyrodites,1e-06,exact,1e-06,1.0,-6.0,"[{""element"": ""Li"", ""value"": 1.0}, {""element"": ""Si"", ""value"": 4.0}, {""element"": ""I"", ""value"": -1.0}, {""element"": ""O"", ""value"": -2.0}, {""element"": ""Sb"", ""value"": 5.0}, {""element"": ""Bi"", ""value"": 5.0}, {""element"": ""S"", ""value"": -2.0}]",1.7689051094890513,2.6220000000000003,1.1041558441558441,1.936,-1.5178441558441562,-0.6860000000000004,2.46,118.6240875912409,188.47333333333336,64.19610389610389,42.06,-146.41333333333336,-124.27722943722947,0.22316154363128293,0.34061107086468756,300724930810.44714,11387498950.47643,526182669922.1126,3218429339716.506,46.207044427441915,514795170971.63617,0.027020144484259316,0.10879585326953746,0.07299270072992702,0.07299270072992702,0.36496350364963503,0.48905109489051096,2.0,-0.5169945233277857,1.6647081903342535,92.17309002433092,291.8152554744526,-3.357988695497385
pred_0022,Li6.7Si0.7Sb0.23Bi0.07S4.8IO0.2,1e-06,argyrodites,1e-06,exact,1e-06,1.0,-6.0,"[{""element"": ""Li"", ""value"": 1.0}, {""element"": ""Si"", ""value"": 4.0}, {""element"": ""I"", ""value"": -1.0}, {""element"": ""O"", ""value"": -2.0}, {""element"": ""Sb"", ""value"": 5.0}, {""element"": ""Bi"", ""value"": 5.0}, {""element"": ""S"", ""value"": -2.0}]",1.7687956204379562,2.6220000000000003,1.1039610389610386,1.9344999999999999,-1.5180389610389617,-0.6875000000000004,2.46,118.63576642335768,188.47333333333336,64.21688311688311,42.22,-146.25333333333336,-124.25645021645025,0.22401047009302816,0.34072132105452463,300396694265.95447,11387498950.47643,525598664641.6516,3213932499056.956,46.155759656044715,514211165691.1752,0.026997360250948763,0.10862041467304624,0.07299270072992702,0.07299270072992702,0.36496350364963503,0.48905109489051096,2.0,-0.5172282402174331,1.6642259032115656,92.17309002433092,291.84398540145986,-3.3545961499975876
pred_0023,Li6.7Si0.7Sb0.22Bi0.08S4.8IO0.2,1e-06,argyrodites,1e-06,exact,1e-06,1.0,-6.0,"[{""element"": ""Li"", ""value"": 1.0}, {""element"": ""Si"", ""value"": 4.0}, {""element"": ""I"", ""value"": -1.0}, {""element"": ""O"", ""value"": -2.0}, {""element"": ""Sb"", ""value"": 5.0}, {""element"": ""Bi"", ""value"": 5.0}, {""element"": ""S"", ""value"": -2.0}]",1.7686861313868614,2.6220000000000003,1.1037662337662335,1.9329999999999998,-1.5182337662337668,-0.6890000000000005,2.46,118.64744525547447,188.47333333333336,64.23766233766233,42.38,-146.09333333333336,-124.23567099567103,0.22485939655477344,0.34083157124436164,300068457721.4618,11387498950.47643,525014659361.1906,3209435658397.407,46.10447488464752,513627160410.7142,0.026974576017638217,0.10844497607655504,0.07299270072992702,0.072992700729927,0.36496350364963503,0.48905109489051096,2.0,-0.5174620000616996,1.6637430799100992,92.17309002433092,291.87271532846717,-3.3512045513750195
pred_0024,Li6.7Si0.7Sb0.21Bi0.09S4.8IO0.2,1e-06,argyrodites,1e-06,exact,1e-06,1.0,-6.0,"[{""element"": ""Li"", ""value"": 1.0}, {""element"": ""Si"", ""value"": 4.0}, {""element"": ""I"", ""value"": -1.0}, {""element"": ""O"", ""value"": -2.0}, {""element"": ""Sb"", ""value"": 5.0}, {""element"": ""Bi"", ""value"": 5.0}, {""element"": ""S"", ""value"": -2.0}]",1.7685766423357663,2.6220000000000003,1.1035714285714284,1.9315,-1.518428571428572,-0.6905000000000003,2.46,118.65912408759125,188.47333333333336,64.25844155844156,42.54,-145.93333333333337,-124.2148917748918,0.22570832301651866,0.34094182143419877,299740221176.9691,11387498950.47643,524430654080.7296,3204938817737.8574,46.053190113250324,513043155130.2532,0.026951791784327665,0.10826953748006381,0.07299270072992702,0.072992700729927,0.36496350364963503,0.48905109489051096,2.0,-0.5176958028605857,1.6632597192363425,92.17309002433092,291.90144525547447,-3.3478138996296787
pred_0025,Li6.7Si0.7Sb0.2Bi0.1S4.8IO0.2,1e-06,argyrodites,1e-06,exact,1e-06,1.0,-6.0,"[{""element"": ""Li"", ""value"": 1.0}, {""element"": ""Si"", ""value"": 4.0}, {""element"": ""I"", ""value"": -1.0}, {""element"": ""O"", ""value"": -2.0}, {""element"": ""Sb"", ""value"": 5.0}, {""element"": ""Bi"", ""value"": 5.0}, {""element"": ""S"", ""value"": -2.0}]",1.7684671532846714,2.6220000000000003,1.1033766233766231,1.93,-1.5186233766233772,-0.6920000000000004,2.46,118.67080291970805,188.47333333333336,64.27922077922078,42.7,-145.77333333333337,-124.19411255411258,0.22655724947826394,0.3410520716240358,299411984632.47644,11387498950.47643,523846648800.2686,3200441977078.3076,46.00190534185313,512459149849.7922,0.02692900755101712,0.10809409888357256,0.07299270072992702,0.072992700729927,0.36496350364963503,0.48905109489051096,2.0,-0.5179296486140911,1.6627758199927942,92.17309002433092,291.9301751824818,-3.3444241947615674
pred_0026,Li6.7Si0.7Sb0.19Bi0.11S4.8IO0.2,1e-06,argyrodites,1e-06,exact,1e-06,1.0,-6.0,"[{""element"": ""Li"", ""value"": 1.0}, {""element"": ""Si"", ""value"": 4.0}, {""element"": ""I"", ""value"": -1.0}, {""element"": ""O"", ""value"": -2.0}, {""element"": ""Sb"", ""value"": 5.0}, {""element"": ""Bi"", ""value"": 5.0}, {""element"": ""S"", ""value"": -2.0}]",1.7683576642335765,2.6220000000000003,1.1031818181818178,1.9285,-1.5188181818181825,-0.6935000000000002,2.46,118.68248175182482,188.47333333333336,64.3,42.86000000000001,-145.61333333333334,-124.17333333333336,0.2274061759400092,0.3411623218138728,299083748087.98376,11387498950.47643,523262643519.8076,3195945136418.7583,45.95062057045593,511875144569.3312,0.02690622331770657,0.10791866028708134,0.07299270072992702,0.072992700729927,0.36496350364963503,0.48905109489051096,2.0,-0.518163537322216,1.662291380977946,92.17309002433092,291.9589051094891,-3.3410354367706843
pred_0027,Li6.7Si0.7Sb0.18Bi0.12S4.8IO0.2,1e-06,argyrodites,1e-06,exact,1e-06,1.0,-6.0,"[{""element"": ""Li"", ""value"": 1.0}, {""element"": ""Si"", ""value"": 4.0}, {""element"": ""I"", ""value"": -1.0}, {""element"": ""O"", ""value"": -2.0}, {""element"": ""Sb"", ""value"": 5.0}, {""element"": ""Bi"", ""value"": 5.0}, {""element"": ""S"", ""value"": -2.0}]",1.768248175182482,2.6220000000000003,1.102987012987013,1.927,-1.5190129870129874,-0.6950000000000003,2.46,118.69416058394162,188.47333333333336,64.32077922077923,43.02,-145.45333333333335,-124.15255411255413,0.22825510240175442,0.3412725720037099,298755511543.491,11387498950.47643,522678638239.34656,3191448295759.208,45.89933579905873,511291139288.8701,0.026883439084396023,0.10774322169059011,0.07299270072992702,0.072992700729927,0.36496350364963503,0.48905109489051096,2.0,-0.5183974689849602,1.6618064009862639,92.17309002433092,291.9876350364964,-3.3376476256570298
pred_0028,Li6.7Si0.7Sb0.17Bi0.13S4.8IO0.2,1e-06,argyrodites,1e-06,exact,1e-06,1.0,-6.0,"[{""element"": ""Li"", ""value"": 1.0}, {""element"": ""Si"", ""value"": 4.0}, {""element"": ""I"", ""value"": -1.0}, {""element"": ""O"", ""value"": -2.0}, {""element"": ""Sb"", ""value"": 5.0}, {""element"": ""Bi"", ""value"": 5.0}, {""element"": ""S"", ""value"": -2.0}]",1.768138686131387,2.6220000000000003,1.1027922077922079,1.9255,-1.5192077922077925,-0.6965000000000003,2.46,118.7058394160584,188.47333333333336,64.34155844155845,43.18,-145.29333333333335,-124.13177489177491,0.22910402886349968,0.34138282219354693,298427274998.99835,11387498950.47643,522094632958.88556,3186951455099.6577,45.84805102766153,510707134008.4091,0.02686065485108547,0.10756778309409887,0.07299270072992702,0.07299270072992702,0.36496350364963503,0.48905109489051096,2.0,-0.5186314436023238,1.661320878808171,92.17309002433092,292.01636496350363,-3.3342607614206035
pred_0029,Li6.7Si0.7Sb0.16Bi0.14S4.8IO0.2,1e-06,argyrodites,1e-06,exact,1e-06,1.0,-6.0,"[{""element"": ""Li"", ""value"": 1.0}, {""element"": ""Si"", ""value"": 4.0}, {""element"": ""I"", ""value"": -1.0}, {""element"": ""O"", ""value"": -2.0}, {""element"": ""Sb"", ""value"": 5.0}, {""element"": ""Bi"", ""value"": 5.0}, {""element"": ""S"", ""value"": -2.0}]",1.7680291970802922,2.6220000000000003,1.1025974025974026,1.924,-1.5194025974025978,-0.6980000000000004,2.46,118.7175182481752,188.47333333333336,64.36233766233767,43.339999999999996,-145.13333333333335,-124.11099567099569,0.2299529553252449,0.341493072383384,298099038454.5057,11387498950.47643,521510627678.42456,3182454614440.1084,45.796766256264334,510123128727.9481,0.026837870617774925,0.10739234449760765,0.07299270072992702,0.07299270072992702,0.36496350364963503,0.48905109489051096,2.0,-0.518865461174307,1.660834813230029,92.17309002433092,292.045094890511,-3.330874844061406
pred_0030,Li6.7Si0.7Sb0.15Bi0.15S4.8IO0.2,1e-06,argyrodites,1e-06,exact,1e-06,1.0,-6.0,"[{""element"": ""Li"", ""value"": 1.0}, {""element"": ""Si"", ""value"": 4.0}, {""element"": ""I"", ""value"": -1.0}, {""element"": ""O"", ""value"": -2.0}, {""element"": ""Sb"", ""value"": 5.0}, {""element"": ""Bi"", ""value"": 5.0}, {""element"": ""S"", ""value"": -2.0}]",1.7679197080291973,2.6220000000000003,1.1024025974025973,1.9224999999999997,-1.519597402597403,-0.6995000000000007,2.46,118.72919708029197,188.47333333333336,64.38311688311687,43.49999999999999,-144.97333333333336,-124.09021645021649,0.23080188178699013,0.34160332257322096,297770801910.013,11387498950.47643,520926622397.96356,3177957773780.5586,45.74548148486714,509539123447.4871,0.026815086384464372,0.10721690590111642,0.07299270072992702,0.07299270072992702,0.36496350364963503,0.48905109489051096,2.0,-0.5190995217009093,1.6603482030341201,92.17309002433092,292.07382481751824,-3.327489873579437
pred_0031,Li6.7Si0.7Sb0.29P0.01S4.8IO0.2,1e-06,argyrodites,1e-06,exact,1e-06,1.0,-6.0,"[{""element"": ""Li"", ""value"": 1.0}, {""element"": ""Si"", ""value"": 4.0}, {""element"": ""I"", ""value"": -1.0}, {""element"": ""O"", ""value"": -2.0}, {""element"": ""Sb"", ""value"": 5.0}, {""element"": ""P"", ""value"": 5.0}, {""element"": ""S"", ""value"": -2.0}]",1.7696642335766424,2.6220000000000003,1.1055064935064933,1.9463999999999997,-1.516493506493507,-0.6756000000000006,2.46,118.52262773722629,188.47333333333336,64.01558441558441,40.67,-147.80333333333334,-124.45774891774894,0.21578649499487104,0.33965327234047826,330458495598.5875,11387498950.47643,579085246233.4791,3625779177314.0273,50.85271566231418,567697747283.0027,0.027430595746103768,0.11195632798573975,0.07299270072992702,0.07299270072992702,0.36496350364963503,0.48905109489051096,2.0,-0.515081981963606,1.7063141502905397,92.17309002433092,291.5656642335767,-3.413950198032855
pred_0032,Li6.7Si0.7Sb0.28P0.02S4.8IO0.2,1e-06,argyrodites,1e-06,exact,1e-06,1.0,-6.0,"[{""element"": ""Li"", ""value"": 1.0}, {""element"": ""Si"", ""value"": 4.0}, {""element"": ""I"", ""value"": -1.0}, {""element"": ""O"", ""value"": -2.0}, {""element"": ""Sb"", ""value"": 5.0}, {""element"": ""P"", ""value"": 5.0}, {""element"": ""S"", ""value"": -2.0}]",1.7697664233576642,2.6220000000000003,1.1056883116883116,1.9478,-1.5163116883116887,-0.6742000000000004,2.46,118.49124087591242,188.47333333333336,63.95974025974026,40.24,-148.23333333333335,-124.5135930735931,0.2135050051289307,0.3393569749552912,358222641119.7716,11387498950.47643,628483790862.0795,4006147970954.25,55.19067826880326,617096291911.603,0.027704341608084927,0.11406417112299463,0.07299270072992702,0.07299270072992702,0.36496350364963503,0.48905109489051096,2.0,-0.514570947634805,1.7418657313834087,92.17309002433092,291.4884525547446,-3.4495671173609006
pred_0033,Li6.7Si0.7Sb0.27P0.03S4.8IO0.2,1e-06,argyrodites,1e-06,exact,1e-06,1.0,-6.0,"[{""element"": ""Li"", ""value"": 1.0}, {""element"": ""Si"", ""value"": 4.0}, {""element"": ""I"", ""value"": -1.0}, {""element"": ""O"", ""value"": -2.0}, {""element"": ""Sb"", ""value"": 5.0}, {""element"": ""P"", ""value"": 5.0}, {""element"": ""S"", ""value"": -2.0}]",1.7698686131386863,2.6220000000000003,1.10587012987013,1.9491999999999998,-1.5161298701298704,-0.6728000000000005,2.46,118.45985401459855,188.47333333333336,63.9038961038961,39.809999999999995,-148.66333333333336,-124.56943722943726,0.2112235152629903,0.33906067757010416,385986786640.95575,11387498950.47643,677882335490.6798,4386516764594.4727,59.52864087529233,666494836540.2034,0.02797808747006608,0.11617201426024953,0.07299270072992702,0.07299270072992702,0.36496350364963503,0.48905109489051096,2.0,-0.5140600210505079,1.7747259670956983,92.17309002433092,291.4112408759124,-3.4852146109021014
pred_0034,Li6.7Si0.7Sb0.26P0.04S4.8IO0.2,1e-06,argyrodites,1e-06,exact,1e-06,1.0,-6.0,"[{""element"": ""Li"", ""value"": 1.0}, {""element"": ""Si"", ""value"": 4.0}, {""element"": ""I"", ""value"": -1.0}, {""element"": ""O"", ""value"": -2.0}, {""element"": ""Sb"", ""value"": 5.0}, {""element"": ""P"", ""value"": 5.0}, {""element"": ""S"", ""value"": -2.0}]",1.769970802919708,2.6220000000000003,1.1060519480519482,1.9505999999999997,-1.5159480519480522,-0.6714000000000007,2.46,118.42846715328469,188.47333333333336,63.84805194805195,39.38,-149.09333333333336,-124.6252813852814,0.20894202539704998,0.3387643801849171,413750932162.1399,11387498950.47643,727280880119.2802,4766885558234.695,63.86660348178141,715893381168.8037,0.028251833332047237,0.11827985739750445,0.07299270072992702,0.07299270072992702,0.36496350364963503,0.48905109489051096,2.0,-0.5135492022107144,1.8052738203642946,92.17309002433092,291.3340291970803,-3.520892678656459
pred_0035,Li6.7Si0.7Sb0.25P0.05S4.8IO0.2,1e-06,argyrodites,1e-06,exact,1e-06,1.0,-6.0,"[{""element"": ""Li"", ""value"": 1.0}, {""element"": ""Si"", ""value"": 4.0}, {""element"": ""I"", ""value"": -1.0}, {""element"": ""O"", ""value"": -2.0}, {""element"": ""Sb"", ""value"": 5.0}, {""element"": ""P"", ""value"": 5.0}, {""element"": ""S"", ""value"": -2.0}]",1.77007299270073,2.6220000000000003,1.1062337662337662,1.9519999999999997,-1.515766233766234,-0.6700000000000006,2.46,118.39708029197082,188.47333333333336,63.7922077922078,38.949999999999996,-149.52333333333337,-124.68112554112557,0.20666053553110958,0.33846808279973006,441515077683.32404,11387498950.47643,776679424747.8805,5147254351874.918,68.20456608827048,765291925797.404,0.028525579194028393,0.12038770053475935,0.07299270072992702,0.07299270072992702,0.36496350364963503,0.48905109489051096,2.0,-0.5130384911154248,1.8338134503245063,92.17309002433092,291.2568175182482,-3.5566013206239737
pred_0036,Li6.7Si0.7Sb0.24P0.06S4.8IO0.2,1e-06,argyrodites,1e-06,exact,1e-06,1.0,-6.0,"[{""element"": ""Li"", ""value"": 1.0}, {""element"": ""Si"", ""value"": 4.0}, {""element"": ""I"", ""value"": -1.0}, {""element"": ""O"", ""value"": -2.0}, {""element"": ""Sb"", ""value"": 5.0}, {""element"": ""P"", ""value"": 5.0}, {""element"": ""S"", ""value"": -2.0}]",1.7701751824817518,2.6220000000000003,1.1064155844155843,1.9533999999999998,-1.515584415584416,-0.6686000000000005,2.46,118.36569343065693,188.47333333333336,63.736363636363635,38.52,-149.95333333333335,-124.73696969696972,0.20437904566516923,0.33817178541454296,469279223204.5082,11387498950.47643,826077969376.4808,5527623145515.141,72.54252869475955,814690470426.0044,0.028799325056009545,0.12249554367201423,0.07299270072992702,0.07299270072992702,0.36496350364963503,0.48905109489051096,2.0,-0.5125278877646386,1.860592690188994,92.17309002433092,291.17960583941607,-3.5923405368046435
pred_0037,Li6.7Si0.7Sb0.23P0.07S4.8IO0.2,1e-06,argyrodites,1e-06,exact,1e-06,1.0,-6.0,"[{""element"": ""Li"", ""value"": 1.0}, {""element"": ""Si"", ""value"": 4.0}, {""element"": ""I"", ""value"": -1.0}, {""element"": ""O"", ""value"": -2.0}, {""element"": ""Sb"", ""value"": 5.0}, {""element"": ""P"", ""value"": 5.0}, {""element"": ""S"", ""value"": -2.0}]",1.7702773722627738,2.6220000000000003,1.1065974025974024,1.9547999999999999,-1.515402597402598,-0.6672000000000005,2.46,118.33430656934307,188.47333333333336,63.68051948051948,38.089999999999996,-150.38333333333335,-124.79281385281388,0.20209755579922883,0.3378754880293559,497043368725.6923,11387498950.47643,875476514005.081,5907991939155.363,76.88049130124863,864089015054.6046,0.0290730709179907,0.12460338680926916,0.07299270072992702,0.07299270072992702,0.36496350364963503,0.48905109489051096,2.0,-0.5120173921583563,1.8858161500082968,92.17309002433092,291.10239416058397,-3.62811032719847
pred_0038,Li6.7Si0.7Sb0.22P0.08S4.8IO0.2,1e-06,argyrodites,1e-06,exact,1e-06,1.0,-6.0,"[{""element"": ""Li"", ""value"": 1.0}, {""element"": ""Si"", ""value"": 4.0}, {""element"": ""I"", ""value"": -1.0}, {""element"": ""O"", ""value"": -2.0}, {""element"": ""Sb"", ""value"": 5.0}, {""element"": ""P"", ""value"": 5.0}, {""element"": ""S"", ""value"": -2.0}]",1.7703795620437954,2.6220000000000003,1.1067792207792206,1.9562,-1.5152207792207797,-0.6658000000000004,2.46,118.30291970802921,188.47333333333336,63.62467532467532,37.660000000000004,-150.81333333333336,-124.84865800865803,0.19981606593328852,0.33757919064416886,524807514246.87646,11387498950.47643,924875058633.6815,6288360732795.588,81.21845390773771,913487559683.2051,0.02934681677997186,0.1267112299465241,0.07299270072992702,0.072992700729927,0.36496350364963503,0.48905109489051096,2.0,-0.5115070042965777,1.9096547179079086,92.17309002433092,291.02518248175187,-3.663910691805454
pred_0039,Li6.7Si0.7Sb0.21P0.09S4.8IO0.2,1e-06,argyrodites,1e-06,exact,1e-06,1.0,-6.0,"[{""element"": ""Li"", ""value"": 1.0}, {""element"": ""Si"", ""value"": 4.0}, {""element"": ""I"", ""value"": -1.0}, {""element"": ""O"", ""value"": -2.0}, {""element"": ""Sb"", ""value"": 5.0}, {""element"": ""P"", ""value"": 5.0}, {""element"": ""S"", ""value"": -2.0}]",1.7704817518248177,2.6220000000000003,1.106961038961039,1.9576,-1.5150389610389614,-0.6644000000000003,2.46,118.27153284671533,188.47333333333336,63.56883116883117,37.230000000000004,-151.24333333333334,-124.90450216450219,0.19753457606734817,0.33728289325898175,552571659768.0605,11387498950.47643,974273603262.2819,6668729526435.81,85.55641651422678,962886104311.8054,0.02962056264195301,0.128819073083779,0.07299270072992702,0.072992700729927,0.36496350364963503,0.48905109489051096,2.0,-0.5109967241793026,1.9322525860831161,92.17309002433092,290.9479708029197,-3.6997416306255926
pred_0040,Li6.7Si0.7Sb0.2P0.1S4.8IO0.2,1e-06,argyrodites,1e-06,exact,1e-06,1.0,-6.0,"[{""element"": ""Li"", ""value"": 1.0}, {""element"": ""Si"", ""value"": 4.0}, {""element"": ""I"", ""value"": -1.0}, {""element"": ""O"", ""value"": -2.0}, {""element"": ""Sb"", ""value"": 5.0}, {""element"": ""P"", ""value"": 5.0}, {""element"": ""S"", ""value"": -2.0}]",1.7705839416058393,2.6220000000000003,1.107142857142857,1.959,-1.5148571428571433,-0.6630000000000003,2.46,118.24014598540147,188.47333333333336,63.51298701298701,36.800000000000004,-151.67333333333335,-124.96034632034635,0.1952530862014078,0.3369865958737947,580335805289.2448,11387498950.47643,1023672147890.8822,7049098320076.033,89.89437912071585,1012284648940.4058,0.029894308503934174,0.1309269162210339,0.07299270072992702,0.072992700729927,0.36496350364963503,0.48905109489051096,2.0,-0.5104865518065315,1.9537325371929224,92.17309002433092,290.8707591240876,-3.735603143658889
pred_0041,Li6.7Si0.7Sb0.19P0.11S4.8IO0.2,1e-06,argyrodites,1e-06,exact,1e-06,1.0,-6.0,"[{""element"": ""Li"", ""value"": 1.0}, {""element"": ""Si"", ""value"": 4.0}, {""element"": ""I"", ""value"": -1.0}, {""element"": ""O"", ""value"": -2.0}, {""element"": ""Sb"", ""value"": 5.0}, {""element"": ""P"", ""value"": 5.0}, {""element"": ""S"", ""value"": -2.0}]",1.7706861313868614,2.6220000000000003,1.107324675324675,1.9604000000000001,-1.5146753246753253,-0.6616000000000002,2.46,118.2087591240876,188.47333333333336,63.45714285714285,36.370000000000005,-152.10333333333335,-125.0161904761905,0.19297159633546743,0.3366902984886076,608099950810.429,11387498950.47643,1073070692519.4825,7429467113716.257,94.23234172720493,1061683193569.0061,0.030168054365915326,0.1330347593582888,0.07299270072992702,0.072992700729927,0.36496350364963503,0.48905109489051096,2.0,-0.5099764871782639,1.974199983716773,92.17309002433092,290.7935474452555,-3.771495230905341
pred_0042,Li6.7Si0.7Sb0.18P0.12S4.8IO0.2,1e-06,argyrodites,1e-06,exact,1e-06,1.0,-6.0,"[{""element"": ""Li"", ""value"": 1.0}, {""element"": ""Si"", ""value"": 4.0}, {""element"": ""I"", ""value"": -1.0}, {""element"": ""O"", ""value"": -2.0}, {""element"": ""Sb"", ""value"": 5.0}, {""element"": ""P"", ""value"": 5.0}, {""element"": ""S"", ""value"": -2.0}]",1.7707883211678832,2.6220000000000003,1.1075064935064936,1.9618,-1.5144935064935068,-0.6602000000000003,2.46,118.17737226277373,188.47333333333336,63.40129870129871,35.940000000000005,-152.53333333333336,-125.07203463203464,0.19069010646952708,0.33639400110342066,635864096331.613,11387498950.47643,1122469237148.083,7809835907356.4795,98.57030433369401,1111081738197.6067,0.030441800227896484,0.1351426024955437,0.07299270072992702,0.072992700729927,0.36496350364963503,0.48905109489051096,2.0,-0.5094665302945002,1.9937460974314019,92.17309002433092,290.71633576642336,-3.807417892364949
pred_0043,Li6.7Si0.7Sb0.17P0.13S4.8IO0.2,1e-06,argyrodites,1e-06,exact,1e-06,1.0,-6.0,"[{""element"": ""Li"", ""value"": 1.0}, {""element"": ""Si"", ""value"": 4.0}, {""element"": ""I"", ""value"": -1.0}, {""element"": ""O"", ""value"": -2.0}, {""element"": ""Sb"", ""value"": 5.0}, {""element"": ""P"", ""value"": 5.0}, {""element"": ""S"", ""value"": -2.0}]",1.7708905109489053,2.6220000000000003,1.1076883116883118,1.9631999999999998,-1.5143116883116885,-0.6588000000000005,2.46,118.14598540145987,188.47333333333336,63.345454545454544,35.51,-152.96333333333337,-125.12787878787881,0.18840861660358668,0.33609770371823355,663628241852.797,11387498950.47643,1171867781776.683,8190204700996.7,102.90826694018307,1160480282826.2068,0.03071554608987764,0.13725044563279856,0.07299270072992702,0.07299270072992702,0.36496350364963503,0.48905109489051096,2.0,-0.50895668115524,2.012450264386247,92.17309002433092,290.63912408759126,-3.8433711280377145
pred_0044,Li6.7Si0.7Sb0.16P0.14S4.8IO0.2,1e-06,argyrodites,1e-06,exact,1e-06,1.0,-6.0,"[{""element"": ""Li"", ""value"": 1.0}, {""element"": ""Si"", ""value"": 4.0}, {""element"": ""I"", ""value"": -1.0}, {""element"": ""O"", ""value"": -2.0}, {""element"": ""Sb"", ""value"": 5.0}, {""element"": ""P"", ""value"": 5.0}, {""element"": ""S"", ""value"": -2.0}]",1.770992700729927,2.6220000000000003,1.10787012987013,1.9646,-1.5141298701298704,-0.6574000000000004,2.46,118.11459854014599,188.47333333333336,63.289610389610395,35.08,-153.39333333333337,-125.18372294372296,0.1861271267376463,0.3358014063330465,691392387373.9811,11387498950.47643,1221266326405.2834,8570573494636.924,107.24622954667214,1209878827454.8071,0.030989291951858795,0.13935828877005346,0.07299270072992702,0.07299270072992702,0.36496350364963503,0.48905109489051096,2.0,-0.5084469397604836,2.0303820326436264,92.17309002433092,290.56191240875916,-3.879354937923635
pred_0045,Li6.7Si0.7Sb0.15P0.15S4.8IO0.2,1e-06,argyrodites,1e-06,exact,1e-06,1.0,-6.0,"[{""element"": ""Li"", ""value"": 1.0}, {""element"": ""Si"", ""value"": 4.0}, {""element"": ""I"", ""value"": -1.0}, {""element"": ""O"", ""value"": -2.0}, {""element"": ""Sb"", ""value"": 5.0}, {""element"": ""P"", ""value"": 5.0}, {""element"": ""S"", ""value"": -2.0}]",1.771094890510949,2.6220000000000003,1.108051948051948,1.9659999999999997,-1.5139480519480524,-0.6560000000000006,2.46,118.08321167883213,188.47333333333336,63.23376623376623,34.64999999999999,-153.82333333333338,-125.23956709956713,0.1838456368717059,0.3355051089478594,719156532895.1653,11387498950.47643,1270664871033.8838,8950942288277.146,111.58419215316123,1259277372083.4075,0.031263037813839954,0.14146613190730836,0.07299270072992702,0.07299270072992702,0.36496350364963503,0.48905109489051096,2.0,-0.5079373061102308,2.0476026735717943,92.17309002433092,290.48470072992706,-3.9153693220227135
pred_0046,Li6.7Si0.7Sb0.14P0.16S4.8IO0.2,1e-06,argyrodites,1e-06,exact,1e-06,1.0,-6.0,"[{""element"": ""Li"", ""value"": 1.0}, {""element"": ""Si"", ""value"": 4.0}, {""element"": ""I"", ""value"": -1.0}, {""element"": ""O"", ""value"": -2.0}, {""element"": ""Sb"", ""value"": 5.0}, {""element"": ""P"", ""value"": 5.0}, {""element"": ""S"", ""value"": -2.0}]",1.7711970802919708,2.6220000000000003,1.1082337662337662,1.9673999999999998,-1.513766233766234,-0.6546000000000005,2.46,118.05182481751827,188.47333333333336,63.17792207792208,34.22,-154.25333333333336,-125.29541125541128,0.1815641470057656,0.33520881156267235,746920678416.3495,11387498950.47643,1320063415662.4844,9331311081917.37,115.92215475965031,1308675916712.008,0.031536783675821106,0.14357397504456326,0.07299270072992702,0.07299270072992702,0.36496350364963503,0.48905109489051096,2.0,-0.5074277802044818,2.064166445198872,92.17309002433092,290.40748905109496,-3.9514142803349466
pred_0047,Li6.7Si0.7Sb0.13P0.17S4.8IO0.2,1e-06,argyrodites,1e-06,exact,1e-06,1.0,-6.0,"[{""element"": ""Li"", ""value"": 1.0}, {""element"": ""Si"", ""value"": 4.0}, {""element"": ""I"", ""value"": -1.0}, {""element"": ""O"", ""value"": -2.0}, {""element"": ""Sb"", ""value"": 5.0}, {""element"": ""P"", ""value"": 5.0}, {""element"": ""S"", ""value"": -2.0}]",1.7712992700729926,2.6220000000000003,1.1084155844155843,1.9687999999999999,-1.513584415584416,-0.6532000000000004,2.46,118.02043795620439,188.47333333333336,63.12207792207792,33.79,-154.68333333333337,-125.35125541125544,0.17928265713982525,0.3349125141774853,774684823937.5337,11387498950.47643,1369461960291.085,9711679875557.592,120.26011736613941,1358074461340.6086,0.031810529537802265,0.1456818181818182,0.07299270072992702,0.07299270072992702,0.36496350364963503,0.48905109489051096,2.0,-0.5069183620432365,2.0801216233531674,92.17309002433092,290.3302773722628,-3.987489812860337
pred_0048,Li6.7Si0.7Sb0.12P0.18S4.8IO0.2,1e-06,argyrodites,1e-06,exact,1e-06,1.0,-6.0,"[{""element"": ""Li"", ""value"": 1.0}, {""element"": ""Si"", ""value"": 4.0}, {""element"": ""I"", ""value"": -1.0}, {""element"": ""O"", ""value"": -2.0}, {""element"": ""Sb"", ""value"": 5.0}, {""element"": ""P"", ""value"": 5.0}, {""element"": ""S"", ""value"": -2.0}]",1.7714014598540146,2.6220000000000003,1.1085974025974024,1.9701999999999997,-1.513402597402598,-0.6518000000000006,2.46,117.98905109489053,188.47333333333336,63.066233766233765,33.36,-155.11333333333334,-125.40709956709959,0.17700116727388487,0.33461621679229825,802448969458.7177,11387498950.47643,1418860504919.6848,10092048669197.814,124.59807997262844,1407473005969.2085,0.032084275399783424,0.14778966131907306,0.07299270072992702,0.07299270072992702,0.36496350364963503,0.48905109489051096,2.0,-0.506409051626495,2.0955113499979716,92.17309002433092,290.2530656934307,-4.0235959195988835
pred_0049,Li6.7Si0.7Sb0.11P0.19S4.8IO0.2,1e-06,argyrodites,1e-06,exact,1e-06,1.0,-6.0,"[{""element"": ""Li"", ""value"": 1.0}, {""element"": ""Si"", ""value"": 4.0}, {""element"": ""I"", ""value"": -1.0}, {""element"": ""O"", ""value"": -2.0}, {""element"": ""Sb"", ""value"": 5.0}, {""element"": ""P"", ""value"": 5.0}, {""element"": ""S"", ""value"": -2.0}]",1.7715036496350363,2.6220000000000003,1.1087792207792206,1.9715999999999998,-1.5132207792207797,-0.6504000000000005,2.46,117.95766423357666,188.47333333333336,63.01038961038961,32.92999999999999,-155.54333333333335,-125.46294372294375,0.17471967740794447,0.3343199194071112,830213114979.902,11387498950.47643,1468259049548.2854,10472417462838.037,128.93604257911755,1456871550597.809,0.03235802126176457,0.149897504456328,0.07299270072992702,0.07299270072992702,0.36496350364963503,0.48905109489051096,2.0,-0.5058998489542571,2.110374336323146,92.17309002433092,290.1758540145986,-4.059732600550586
pred_0050,Li6.7Si0.7Sb0.1P0.2S4.8IO0.2,1e-06,argyrodites,1e-06,exact,1e-06,1.0,-6.0,"[{""element"": ""Li"", ""value"": 1.0}, {""element"": ""Si"", ""value"": 4.0}, {""element"": ""I"", ""value"": -1.0}, {""element"": ""O"", ""value"": -2.0}, {""element"": ""Sb"", ""value"": 5.0}, {""element"": ""P"", ""value"": 5.0}, {""element"": ""S"", ""value"": -2.0}]",1.7716058394160585,2.6220000000000003,1.108961038961039,1.9729999999999999,-1.5130389610389614,-0.6490000000000005,2.46,117.92627737226277,188.47333333333336,62.95454545454545,32.5,-155.97333333333336,-125.5187878787879,0.17243818754200416,0.3340236220219241,857977260501.086,11387498950.47643,1517657594176.886,10852786256478.26,133.27400518560663,1506270095226.4097,0.03263176712374573,0.1520053475935829,0.07299270072992702,0.07299270072992702,0.36496350364963503,0.48905109489051096,2.0,-0.5053907540265228,2.1247454494486315,92.17309002433092,290.09864233576644,-4.095899855715445
pred_0051,Li6.7Si0.7Sb0.09P0.21S4.8IO0.2,1e-06,argyrodites,1e-06,exact,1e-06,1.0,-6.0,"[{""element"": ""Li"", ""value"": 1.0}, {""element"": ""Si"", ""value"": 4.0}, {""element"": ""I"", ""value"": -1.0}, {""element"": ""O"", ""value"": -2.0}, {""element"": ""Sb"", ""value"": 5.0}, {""element"": ""P"", ""value"": 5.0}, {""element"": ""S"", ""value"": -2.0}]",1.7717080291970801,2.6220000000000003,1.1091428571428572,1.9744,-1.5128571428571431,-0.6476000000000004,2.46,117.89489051094891,188.47333333333336,62.8987012987013,32.07,-156.40333333333336,-125.57463203463206,0.17015669767606378,0.33372732463673704,885741406022.2703,11387498950.47643,1567056138805.4863,11233155050118.484,137.61196779209573,1555668639855.01,0.03290551298572689,0.15411319073083782,0.07299270072992702,0.072992700729927,0.36496350364963503,0.48905109489051096,2.0,-0.5048817668432922,2.1386562051208005,92.17309002433092,290.02143065693434,-4.132097685093461
pred_0052,Li6.7Si0.7Sb0.08P0.22S4.8IO0.2,1e-06,argyrodites,1e-06,exact,1e-06,1.0,-6.0,"[{""element"": ""Li"", ""value"": 1.0}, {""element"": ""Si"", ""value"": 4.0}, {""element"": ""I"", ""value"": -1.0}, {""element"": ""O"", ""value"": -2.0}, {""element"": ""Sb"", ""value"": 5.0}, {""element"": ""P"", ""value"": 5.0}, {""element"": ""S"", ""value"": -2.0}]",1.7718102189781024,2.6220000000000003,1.1093246753246753,1.9758,-1.512675324675325,-0.6462000000000003,2.46,117.86350364963505,188.47333333333336,62.84285714285715,31.640000000000004,-156.83333333333334,-125.6304761904762,0.16787520781012344,0.33343102725155005,913505551543.4543,11387498950.47643,1616454683434.0867,11613523843758.709,141.9499303985848,1605067184483.6104,0.033179258847708046,0.15622103386809272,0.07299270072992702,0.072992700729927,0.36496350364963503,0.48905109489051096,2.0,-0.5043728874045657,2.152135183917051,92.17309002433092,289.94421897810224,-4.1683260886846325
pred_0053,Li6.7Si0.7Sb0.07P0.23S4.8IO0.2,1e-06,argyrodites,1e-06,exact,1e-06,1.0,-6.0,"[{""element"": ""Li"", ""value"": 1.0}, {""element"": ""Si"", ""value"": 4.0}, {""element"": ""I"", ""value"": -1.0}, {""element"": ""O"", ""value"": -2.0}, {""element"": ""Sb"", ""value"": 5.0}, {""element"": ""P"", ""value"": 5.0}, {""element"": ""S"", ""value"": -2.0}]",1.771912408759124,2.6220000000000003,1.1095064935064933,1.9771999999999998,-1.512493506493507,-0.6448000000000005,2.46,117.83211678832117,188.47333333333336,62.787012987012986,31.209999999999997,-157.26333333333335,-125.68632034632037,0.16559371794418304,0.33313472986636294,941269697064.6387,11387498950.47643,1665853228062.687,11993892637398.93,146.28789300507387,1654465729112.2107,0.0334530047096892,0.1583288770053476,0.07299270072992702,0.07299270072992702,0.36496350364963503,0.48905109489051096,2.0,-0.5038641157103425,2.165208384781068,92.17309002433092,289.8670072992701,-4.204585066488961
pred_0054,Li6.7Si0.7Sb0.06P0.24S4.8IO0.2,1e-06,argyrodites,1e-06,exact,1e-06,1.0,-6.0,"[{""element"": ""Li"", ""value"": 1.0}, {""element"": ""Si"", ""value"": 4.0}, {""element"": ""I"", ""value"": -1.0}, {""element"": ""O"", ""value"": -2.0}, {""element"": ""Sb"", ""value"": 5.0}, {""element"": ""P"", ""value"": 5.0}, {""element"": ""S"", ""value"": -2.0}]",1.7720145985401463,2.6220000000000003,1.1096883116883118,1.9785999999999997,-1.5123116883116885,-0.6434000000000006,2.46,117.80072992700731,188.47333333333336,62.73116883116883,30.779999999999994,-157.69333333333336,-125.74216450216453,0.16331222807824267,0.3328384324811759,969033842585.8226,11387498950.47643,1715251772691.2874,12374261431039.152,150.62585561156294,1703864273740.811,0.03372675057167036,0.1604367201426025,0.07299270072992702,0.07299270072992702,0.36496350364963503,0.48905109489051096,2.0,-0.503355451760623,2.1778995268820975,92.17309002433092,289.789795620438,-4.240874618506446
pred_0055,Li6.7Si0.7Sb0.05P0.25S4.8IO0.2,1e-06,argyrodites,1e-06,exact,1e-06,1.0,-6.0,"[{""element"": ""Li"", ""value"": 1.0}, {""element"": ""Si"", ""value"": 4.0}, {""element"": ""I"", ""value"": -1.0}, {""element"": ""O"", ""value"": -2.0}, {""element"": ""Sb"", ""value"": 5.0}, {""element"": ""P"", ""value"": 5.0}, {""element"": ""S"", ""value"": -2.0}]",1.772116788321168,2.6220000000000003,1.1098701298701297,1.98,-1.5121298701298707,-0.6420000000000003,2.46,117.76934306569343,188.47333333333336,62.675324675324674,30.349999999999998,-158.12333333333336,-125.79800865800868,0.16103073821230232,0.33254213509598884,996797988107.0068,11387498950.47643,1764650317319.8877,12754630224679.375,154.963818218052,1753262818369.4114,0.034000496433651516,0.1625445632798574,0.07299270072992702,0.07299270072992702,0.36496350364963503,0.48905109489051096,2.0,-0.5028468955554075,2.1902303086054893,92.17309002433092,289.7125839416058,-4.277194744737087
pred_0056,Li6.7Si0.7Sb0.04P0.26S4.8IO0.2,1e-06,argyrodites,1e-06,exact,1e-06,1.0,-6.0,"[{""element"": ""Li"", ""value"": 1.0}, {""element"": ""Si"", ""value"": 4.0}, {""element"": ""I"", ""value"": -1.0}, {""element"": ""O"", ""value"": -2.0}, {""element"": ""Sb"", ""value"": 5.0}, {""element"": ""P"", ""value"": 5.0}, {""element"": ""S"", ""value"": -2.0}]",1.7722189781021898,2.6220000000000003,1.110051948051948,1.9813999999999998,-1.5119480519480524,-0.6406000000000005,2.46,117.73795620437957,188.47333333333336,62.61948051948052,29.919999999999995,-158.55333333333337,-125.85385281385284,0.15874924834636195,0.33224583771080174,1024562133628.1909,11387498950.47643,1814048861948.488,13134999018319.596,159.30178082454108,1802661362998.0117,0.034274242295632674,0.1646524064171123,0.07299270072992702,0.07299270072992702,0.36496350364963503,0.48905109489051096,2.0,-0.5023384470946954,2.2022206307788372,92.17309002433092,289.6353722627737,-4.313545445180885
pred_0057,Li6.7Si0.7Sb0.03P0.27S4.8IO0.2,1e-06,argyrodites,1e-06,exact,1e-06,1.0,-6.0,"[{""element"": ""Li"", ""value"": 1.0}, {""element"": ""Si"", ""value"": 4.0}, {""element"": ""I"", ""value"": -1.0}, {""element"": ""O"", ""value"": -2.0}, {""element"": ""Sb"", ""value"": 5.0}, {""element"": ""P"", ""value"": 5.0}, {""element"": ""S"", ""value"": -2.0}]",1.7723211678832118,2.6220000000000003,1.110233766233766,1.9827999999999997,-1.5117662337662343,-0.6392000000000007,2.46,117.70656934306571,188.47333333333336,62.563636363636355,29.49,-158.98333333333335,-125.909696969697,0.1564677584804216,0.3319495403256147,1052326279149.3752,11387498950.47643,1863447406577.0884,13515367811959.82,163.63974343103015,1852059907626.612,0.03454798815761382,0.1667602495543672,0.07299270072992702,0.07299270072992702,0.36496350364963503,0.48905109489051096,2.0,-0.5018301063784872,2.213888789901286,92.17309002433092,289.5581605839416,-4.349926719837836
pred_0058,Li6.7Si0.7Sb0.02P0.28S4.8IO0.2,1e-06,argyrodites,1e-06,exact,1e-06,1.0,-6.0,"[{""element"": ""Li"", ""value"": 1.0}, {""element"": ""Si"", ""value"": 4.0}, {""element"": ""I"", ""value"": -1.0}, {""element"": ""O"", ""value"": -2.0}, {""element"": ""Sb"", ""value"": 5.0}, {""element"": ""P"", ""value"": 5.0}, {""element"": ""S"", ""value"": -2.0}]",1.7724233576642336,2.6220000000000003,1.1104155844155845,1.9842,-1.5115844155844158,-0.6378000000000004,2.46,117.67518248175183,188.47333333333336,62.50779220779221,29.06,-159.41333333333336,-125.96554112554115,0.15418626861448123,0.33165324294042764,1080090424670.5593,11387498950.47643,1912845951205.689,13895736605600.043,167.97770603751925,1901458452255.2126,0.034821734019594985,0.16886809269162212,0.07299270072992702,0.07299270072992702,0.36496350364963503,0.48905109489051096,2.0,-0.5013218734067826,2.225251646086799,92.17309002433092,289.4809489051095,-4.386338568707948
pred_0059,Li6.7Si0.7Sb0.01P0.29S4.8IO0.2,1e-06,argyrodites,1e-06,exact,1e-06,1.0,-6.0,"[{""element"": ""Li"", ""value"": 1.0}, {""element"": ""Si"", ""value"": 4.0}, {""element"": ""I"", ""value"": -1.0}, {""element"": ""O"", ""value"": -2.0}, {""element"": ""Sb"", ""value"": 5.0}, {""element"": ""P"", ""value"": 5.0}, {""element"": ""S"", ""value"": -2.0}]",1.7725255474452555,2.6220000000000003,1.1105974025974026,1.9855999999999998,-1.5114025974025977,-0.6364000000000005,2.46,117.64379562043797,188.47333333333336,62.45194805194806,28.63,-159.84333333333336,-126.0213852813853,0.1519047787485409,0.33135694555524065,1107854570191.7434,11387498950.47643,1962244495834.2893,14276105399240.266,172.31566864400833,1950856996883.813,0.03509547988157614,0.170975935828877,0.07299270072992702,0.07299270072992702,0.36496350364963503,0.48905109489051096,2.0,-0.5008137481795819,2.236324769591048,92.17309002433092,289.4037372262774,-4.422780991791213
pred_0060,Li6.7Si0.7P0.3S4.8IO0.2,1e-06,argyrodites,1e-06,exact,1e-06,1.0,-6.0,"[{""element"": ""Li"", ""value"": 1.0}, {""element"": ""Si"", ""value"": 4.0}, {""element"": ""I"", ""value"": -1.0}, {""element"": ""O"", ""value"": -2.0}, {""element"": ""P"", ""value"": 5.0}, {""element"": ""S"", ""value"": -2.0}]",1.7726277372262773,2.6220000000000003,1.1107792207792206,1.9869999999999997,-1.5112207792207797,-0.6350000000000007,2.46,117.61240875912411,188.47333333333336,62.3961038961039,28.199999999999996,-160.27333333333337,-126.07722943722945,0.1496232888826005,0.33106064817005354,1135618715712.9275,11387498950.47643,2011643040462.8894,14656474192880.488,176.6536312504974,2000255541512.413,0.035369225743557296,0.17308377896613192,0.07299270072992702,0.07299270072992702,0.36496350364963503,0.48905109489051096,2.0,-0.5003057306968847,2.2471225691178485,92.17309002433092,289.3265255474453,-4.459253989087635
