trial,state,value,param_max_depth,param_n_estimators,param_learning_rate,param_num_leaves,param_min_child_samples,param_subsample,param_colsample_bytree,param_reg_lambda,param_reg_alpha
0,COMPLETE,0.5317598794923881,3,1600,0.06813099824138592,7,59,0.9162213204002109,0.5274034664069657,0.007151383480402496,5.079849520995651e-07
1,COMPLETE,0.5335655294829846,6,1300,0.09054594344647797,18,33,0.7962072844310213,0.42787024763199866,0.7158714383119805,3.855227306468056e-07
2,COMPLETE,0.5849614231450504,4,500,0.031065126086242026,7,55,0.6293899908000085,0.7975133706123891,0.029155533757373397,0.0006873346920856936
3,COMPLETE,0.5617990635923739,4,500,0.010302587393796307,7,23,0.6943386448447411,0.5628094190643376,7.838134236608707,2.0805271744540534e-05
4,COMPLETE,0.542336667626522,7,300,0.10124839170683374,47,45,0.8856351733429728,0.44442679104045424,0.04835258599682954,1.1959185386907425e-07
5,COMPLETE,0.5366215245459146,-1,2300,0.028542147308832165,13,44,0.8803925243084487,0.7367663185416977,4.195190175255903,0.0003915684153351892
6,PRUNED,0.5890663925882352,7,2300,0.012541547022380126,30,47,0.6143990827458112,0.44618794589727584,0.02298970433527325,3.158813814759155e-07
7,COMPLETE,0.5136381447510636,-1,2100,0.13632076811780444,25,11,0.6139675812709708,0.6562646731757538,6.979540765301023,1.0131668534197416
8,COMPLETE,0.5364513163785609,8,1400,0.06687265276473395,27,59,0.9812236474710556,0.5510693774952184,0.21704801275666116,6.287502701306918e-06
9,COMPLETE,0.5191492701628355,8,600,0.030416041299946003,63,18,0.8360677737029393,0.8569717691972305,0.013081323658598947,0.05931466771169788
10,PRUNED,0.6036769077923463,5,1900,0.1787420026976868,24,5,0.5193625999805914,0.975862447567252,37.80747516031668,10.352501001707477
11,COMPLETE,0.519610228316641,-1,900,0.018597283282763298,61,11,0.7409481648316648,0.8716448625177555,0.0025910223171523522,0.44411365237381617
12,COMPLETE,0.5456133706994235,8,1000,0.1790584599826695,39,19,0.5271728788925418,0.6628399116503247,0.3861927813328524,0.051668030906657676
13,PRUNED,0.551205241837507,10,1900,0.005668556987876377,63,20,0.8079088229913173,0.8962579519190287,2.2667735370964253,0.12060266655523039
14,PRUNED,0.5823653807356312,8,2500,0.04353542121417287,50,28,0.6446926911519497,0.6668858550401968,38.876914068435774,4.5475498562931715
15,COMPLETE,0.5218858194694692,-1,1000,0.020862244860531353,39,12,0.8034060745027055,0.779590747337984,0.0011827223934645777,0.005850758383392538
16,COMPLETE,0.5098073736036433,5,1700,0.06094081339180363,15,5,0.571344938997578,0.9927779632219429,0.09235461274876476,0.8580630149018186
17,PRUNED,0.527812660168692,5,1900,0.05021236735584221,16,5,0.5663565302114575,0.9601931701502678,1.4188526151728582,1.1387520468884227
18,COMPLETE,0.5227716239824838,5,1700,0.12244231952268958,12,11,0.6885751438324427,0.6265276323551009,0.14624277329692567,0.005478746334124282
19,PRUNED,0.6163084956781902,10,2100,0.13257499192633426,21,34,0.5768595852746605,0.725546392327622,0.09223451954356109,13.560968558786552
20,COMPLETE,0.5251403915149717,6,1600,0.06710106793837857,33,14,0.6988253157652793,0.5975251787271464,12.672727054857997,0.7520455136612657
21,PRUNED,0.535265297230463,3,1300,0.04350466307005206,8,5,0.5781738851205295,0.8835325688858513,0.008466927923047174,0.0482448338159316
22,PRUNED,0.5428130776766544,8,2100,0.021345655478101647,55,16,0.7531048726191083,0.8227564916396732,0.007946262225080478,0.012097746294013086
23,PRUNED,0.5488593656810801,5,800,0.05116431737244454,14,27,0.8426996954973791,0.9429643686890427,0.016768020043645325,1.6435618127885099
24,PRUNED,0.5654792071736403,-1,1200,0.10633886328379204,22,9,0.6574656946284804,0.9885561354930383,0.06868070881473132,0.3374187080179303
25,PRUNED,0.5293881122114317,8,1700,0.03560349671701261,38,17,0.7452202904452782,0.9196771925974745,0.5986420841422649,0.0005508209140535153
26,PRUNED,0.5359000231901283,-1,2100,0.08316379360225296,43,25,0.9638926609686315,0.8580814184694151,0.003234227947803084,0.022203246958215298
27,PRUNED,0.5520042339554906,5,700,0.1575756163373923,10,9,0.545691285647558,0.7488819157432359,0.12929097576509316,0.12589649784845214
28,PRUNED,0.5687260859607517,10,1500,0.013107577430090408,29,22,0.6033857689024922,0.8319775246201986,0.31723090285398364,0.0024150964770909143
29,PRUNED,0.5381932121330733,3,2500,0.06295651278165587,7,15,0.5007424692781851,0.6737298272481553,0.014029970367316819,6.907237870241734e-05
30,PRUNED,0.5723069756896407,6,1700,0.026791485175486768,19,36,0.9308496998890188,0.49913724951323746,0.04058653504470168,3.5465457654279944
31,COMPLETE,0.5213366963546056,-1,800,0.02193365564955226,61,9,0.8417120201263478,0.9990980125296525,0.0026213587025518035,0.2793193131512074
32,PRUNED,0.6925792943681005,-1,1000,0.015584343128197349,56,12,0.7510230289488433,0.9225605297675724,0.003398617108965361,19.866559028435226
33,PRUNED,0.5634122156714523,-1,300,0.007581841691281768,57,8,0.6686376040687214,0.8577388967046305,0.0016972155233576068,0.47478235278059244
34,PRUNED,0.5556800918016281,4,700,0.034996993045664386,11,19,0.7249879031846211,0.7746344944146841,0.0042933214242171095,2.9503789200921555
35,PRUNED,0.5427010630787227,-1,500,0.015456537998182222,52,13,0.7788133671612726,0.802601731756183,0.007155850403691464,0.0954022203069826
36,PRUNED,0.5559347097655666,7,1100,0.0879107619479777,58,39,0.860082298704329,0.8802660507126461,0.879862974419404,0.4338420340977942
37,PRUNED,0.5608121871588523,4,500,0.025849001187536486,9,30,0.909366106591319,0.9464509568793431,0.030504664449803365,0.0019280677904411115
38,PRUNED,0.6516192292295118,-1,700,0.018008075902996447,46,55,0.6094912813774164,0.6941403841202578,0.012606779496430107,1.4550204932247926e-08
39,PRUNED,0.5426890951960797,3,2300,0.009992382063331988,7,7,0.6290786018882911,0.6041344616329122,13.759081641416683,0.0322161959591245
40,PRUNED,0.5717177657761046,8,300,0.032018168590684626,60,22,0.7154204821358839,0.4008700070756522,2.8737159501225915,0.0001882109275071992
41,PRUNED,0.5398845120940988,-1,800,0.023094513450289754,63,10,0.8452908762983796,0.9989671465738184,0.0018218402925459817,0.22387093610148703
42,COMPLETE,0.5174633314502575,-1,900,0.04111868856030413,61,7,0.8262897941719416,0.9177447481160832,0.0040625665058192815,1.352900903420869
43,PRUNED,0.5724823086362625,7,900,0.04255632304028784,25,17,0.7848944335164718,0.9214835292746211,0.004333918573568679,6.308657200599307
44,COMPLETE,0.5192163812136019,-1,1300,0.055333717075651295,53,7,0.8258071226520673,0.9016214954845775,0.0010587582116175762,0.9568925282879717
45,COMPLETE,0.5178758032690662,5,1300,0.058683398496125694,16,5,0.8126510245266956,0.9114509766461402,0.0012947248299621595,1.3965196799305635
46,COMPLETE,0.515359180560915,5,1500,0.038146494188392624,16,6,0.8746001253591548,0.9441916354249765,0.018635115075796283,3.445256857719926e-06
47,PRUNED,0.5419824128577898,5,1500,0.08119825862139897,16,7,0.8882145014078897,0.9663041826838161,0.05200065114096663,5.730302194228011e-06
48,PRUNED,0.5368728991441081,5,1800,0.0740073374549587,17,5,0.8678749936560672,0.9429458699976746,0.005325358894340326,1.5632990703086752e-05
49,PRUNED,0.5343611480986538,5,1400,0.10002366426183955,14,14,0.8176109556552276,0.9085477657370793,0.026436230260723205,3.12568543146178e-07
