issue_type,severity,Reduced Composition,IDs,details
same_formula_multiple_records,resolved,Ba0.5Sr0.5Li6La2Ta2O12,sqm|liverpool_289_0233,2 records; log10 span=0.056; kept liverpool_289_0233
same_formula_multiple_records,resolved,BaLi6La2Ta2O12,544|7o7|hud|ner|h89,5 records; log10 span=0.488; kept 544
same_formula_multiple_records,resolved,Li0.18La0.61Ti1O3,86o|caltech_icsd_99398,2 records; log10 span=0.314; kept 86o
same_formula_multiple_records,resolved,Li0.24La0.59Ti1O3,liverpool_79_0061|liverpool_235_0194,2 records; log10 span=0.339; kept liverpool_79_0061
same_formula_multiple_records,resolved,Li0.29La0.57Ti1O3,85t|caltech_icsd_19945,2 records; log10 span=0.125; kept 85t
same_formula_multiple_records,resolved,Li0.34La0.51Ti1O2.94,sv7|liverpool_603_0499,2 records; log10 span=0.009; kept liverpool_603_0499
same_formula_multiple_records,resolved,Li0.388La0.475Ta0.238Cl3,v06|trv1_0114,2 records; log10 span=0.287; kept v06
same_formula_multiple_records,resolved,Li1.2Al0.2Ge1.8P3O12,ed4|0fh,2 records; log10 span=0.216; kept ed4
same_formula_multiple_records,resolved,Li1.2Sc0.2Ti1.8P3O12,liverpool_29_0022|liverpool_333_0267,2 records; log10 span=0.027; kept liverpool_333_0267
same_formula_multiple_records,resolved,Li1.3Al0.3Ge1.7P3O12,ag1|3uq,2 records; log10 span=0.325; kept 3uq
same_formula_multiple_records,resolved,Li1.3Cr0.3Ge1.7P3O12,liverpool_361_0291|liverpool_474_0392,2 records; log10 span=0.180; kept liverpool_361_0291
same_formula_multiple_records,resolved,Li1.3La0.3Ti1.7P3O12,ctg|qkr,2 records; log10 span=0.004; kept ctg
same_formula_multiple_records,resolved,Li1.3Sc0.2Ti1.7Al0.1P3O12,dq4|czo,2 records; log10 span=0.003; kept czo
same_formula_multiple_records,resolved,Li1.3Sc0.3Ti1.7P3O12,iwe|do2|o8s,3 records; log10 span=0.237; kept do2
same_formula_multiple_records,resolved,Li1.4Al0.4Ge1.6P3O12,gw2|liverpool_406_0335,2 records; log10 span=0.026; kept gw2
same_formula_multiple_records,resolved,Li1.4La0.4Ti1.6P3O12,e0z|liverpool_469_0387,2 records; log10 span=0.001; kept e0z
same_formula_multiple_records,resolved,Li1.4Ti1.4Al0.4Ge0.2P3O12,caltech_icsd_163298|liverpool_404_0333|liverpool_482_0400,3 records; log10 span=0.301; kept caltech_icsd_163298
same_formula_multiple_records,resolved,Li1.4Ti1.6Al0.4P3O12,liverpool_40_0030|liverpool_172_0141,2 records; log10 span=0.788; kept liverpool_40_0030
same_formula_multiple_records,resolved,Li1.4Ti1.6In0.4P3O12,yn6|liverpool_869_0727,2 records; log10 span=0.201; kept yn6
same_formula_multiple_records,resolved,Li1.5La0.5Ti1.5P3O12,vus|liverpool_470_0388,2 records; log10 span=0.002; kept liverpool_470_0388
same_formula_multiple_records,resolved,Li1.6Al0.6Ge1.4P3O12,0y6|1dm|liverpool_537_0443,3 records; log10 span=0.434; kept 1dm
conflicting_normalized_family,resolved_by_preferred_family,Li1.6Al0.6Ge1.4P3O12,0y6|1dm|liverpool_537_0443,glass_ceramic|nasicon; selected_family=nasicon
same_formula_multiple_records,resolved,Li1.7Al0.7Ge1.3P3O12,tjh|liverpool_421_0347,2 records; log10 span=0.246; kept tjh
same_formula_multiple_records,resolved,Li10.2Si0.96Sn0.24P1.8S12,7tu|caltech_icsd_5667,2 records; log10 span=0.495; kept 7tu
same_formula_multiple_records,resolved,Li10.35Si1.08Sn0.27P1.65S12,ui6|caltech_icsd_5669,2 records; log10 span=0.000; kept ui6
same_formula_multiple_records,resolved,Li10Ge(PS6)2,caltech_icsd_30161|caltech_icsd_131108|liverpool_37_0028|liverpool_675_0561,4 records; log10 span=0.772; kept liverpool_675_0561
same_formula_multiple_records,resolved,Li10Sn(PS6)2,9lx|13q|kko|trv1_0012,4 records; log10 span=0.265; kept 9lx
conflicting_normalized_family,resolved_by_preferred_family,Li10Sn(PS6)2,9lx|13q|kko|trv1_0012,lgps|sulfides; selected_family=lgps
same_formula_multiple_records,resolved,Li10Sn0.33Ge0.66P2S12,kop|caltech_icsd_30165,2 records; log10 span=0.000; kept kop
same_formula_multiple_records,resolved,Li10Sn0.66Ge0.33P2S12,rty|caltech_icsd_30169,2 records; log10 span=0.000; kept rty
same_formula_multiple_records,resolved,Li2.25Zr0.75Fe0.25Cl6,v46|trv1_0139,2 records; log10 span=0.093; kept trv1_0139
same_formula_multiple_records,resolved,Li2.4Er0.4Zr0.6Cl6,er7|v27,2 records; log10 span=0.210; kept v27
same_formula_multiple_records,resolved,Li2.4Y0.4Zr0.6Cl6,yz6|trv1_0051,2 records; log10 span=0.334; kept trv1_0051
same_formula_multiple_records,resolved,Li2.5Y0.5Zr0.5Cl6,n7a|v10,2 records; log10 span=0.176; kept v10
same_formula_multiple_records,resolved,Li2.5Zr0.5In0.5Cl6,v15|ensm_2025_104655_x05|caltech_icsd_122400,3 records; log10 span=0.310; kept v15
same_formula_multiple_records,resolved,Li2.6Zr0.4In0.6Cl6,ensm_2025_104655_x04|caltech_icsd_122399,2 records; log10 span=0.119; kept caltech_icsd_122399
same_formula_multiple_records,resolved,Li2.7Zr0.3In0.7Cl6,v11|ensm_2025_104655_q03,2 records; log10 span=0.306; kept ensm_2025_104655_q03
same_formula_multiple_records,resolved,Li2.8Zr0.2In0.8Cl6,ensm_2025_104655_x02|acsnano_4c02678_zr,2 records; log10 span=0.225; kept acsnano_4c02678_zr
same_formula_multiple_records,resolved,Li2.9Zr0.1In0.9Cl6,v19|ensm_2025_104655_x01,2 records; log10 span=0.472; kept v19
same_formula_multiple_records,resolved,Li2HBrO,hx7|trv1_0020,2 records; log10 span=0.031; kept trv1_0020
same_formula_multiple_records,resolved,Li2ZrCl6,qtx|nek|v50|v63|smll_74786_x00,5 records; log10 span=0.829; kept v50
same_formula_multiple_records,resolved,Li3.25Ge0.25P0.75S4,3jh|liverpool_44_0033,2 records; log10 span=0.035; kept 3jh
same_formula_multiple_records,resolved,Li3Br0.5Cl0.5O1,trv1_0002|liverpool_669_0556,2 records; log10 span=0.316; kept trv1_0002
same_formula_multiple_records,resolved,Li3ErCl6,er0|v60|v61|caltech_icsd_50151,4 records; log10 span=0.678; kept v60
same_formula_multiple_records,resolved,Li3In1Cl4.8F1.2,v47|trv1_0101,2 records; log10 span=0.447; kept v47
same_formula_multiple_records,resolved,Li3In1Cl5.2F0.8,trv1_0099|aenm_202503135_x0_y08,2 records; log10 span=0.066; kept trv1_0099
same_formula_multiple_records,resolved,Li3In1Cl5.4F0.6,trv1_0098|aenm_202503135_x0_y06,2 records; log10 span=0.088; kept trv1_0098
same_formula_multiple_records,resolved,Li3In1Cl5.6F0.4,trv1_0097|v28|aenm_202503135_x0_y04,3 records; log10 span=0.373; kept v28
same_formula_multiple_records,resolved,Li3InCl5F,trv1_0100|aenm_202503135_x0_y10,2 records; log10 span=0.085; kept trv1_0100
same_formula_multiple_records,resolved,Li3InCl6,de5|v23|v22|v24|v31|v54|v56|trv1_0089|trv1_0119|v52|aenm_202503135_x0_y0|s10008_2026_06605_x00|acsnano_4c02678_in|caltech_icsd_122395,14 records; log10 span=0.638; kept de5
same_formula_multiple_records,resolved,Li3N,fft|gvd,2 records; log10 span=0.442; kept gvd
same_formula_multiple_records,resolved,Li3ScCl6,v05|v33|v55,3 records; log10 span=0.647; kept v05
same_formula_multiple_records,resolved,Li3Y(BrCl)3,v17|trv1_0075|a71299_lycb,3 records; log10 span=0.354; kept trv1_0075
same_formula_multiple_records,resolved,Li3YBr6,elz|v43|trv1_0076|caltech_icsd_29957,4 records; log10 span=0.574; kept caltech_icsd_29957
same_formula_multiple_records,resolved,Li3YCl6,yz0|v65|v78|a71299_lyc|caltech_icsd_29965,5 records; log10 span=0.861; kept v65
same_formula_multiple_records,resolved,Li5.5P1S4.5Cl1.5,trv1_0072|caltech_icsd_22269,2 records; log10 span=0.081; kept caltech_icsd_22269
same_formula_multiple_records,resolved,Li5La3(BiO6)2,kbq|b7v,2 records; log10 span=0.064; kept b7v
same_formula_multiple_records,resolved,Li5La3(SbO6)2,xog|tbj,2 records; log10 span=0.370; kept xog
same_formula_multiple_records,resolved,Li5La3Nb2O12,68u|gkl|caltech_icsd_171171,3 records; log10 span=0.294; kept caltech_icsd_171171
same_formula_multiple_records,resolved,Li6.2La3Zr1.2Ta0.8O12,gdr|caltech_icsd_22959,2 records; log10 span=0.259; kept caltech_icsd_22959
same_formula_multiple_records,resolved,Li6.4La3Zr1.4Ta0.6O12,kji|caltech_icsd_22958,2 records; log10 span=0.011; kept kji
same_formula_multiple_records,resolved,Li6.5La3Zr1.5Ta0.5O12,caltech_icsd_894|caltech_icsd_22957|caltech_icsd_25446|caltech_icsd_135340|caltech_icsd_183686|liverpool_46_0035|liverpool_800_0669,7 records; log10 span=0.278; kept caltech_icsd_25446
same_formula_multiple_records,resolved,Li6.6La3Zr1.6Ta0.4O12,zqx|2wb|z53|caltech_icsd_22956,4 records; log10 span=0.546; kept caltech_icsd_22956
same_formula_multiple_records,resolved,Li6.75La3Zr1.75Ta0.25O12,7w5|4vd,2 records; log10 span=0.140; kept 7w5
same_formula_multiple_records,resolved,Li6.7La3Zr1.7Ta0.3O12,e6a|caltech_icsd_885|liverpool_802_0671,3 records; log10 span=0.310; kept liverpool_802_0671
same_formula_multiple_records,resolved,Li6.8La3Zr1.8Ta0.2O12,o5q|v1q|caltech_icsd_22955,3 records; log10 span=0.416; kept v1q
same_formula_multiple_records,resolved,Li6CaLa2Nb2O12,uaz|gcj,2 records; log10 span=0.080; kept uaz
same_formula_multiple_records,resolved,Li6CaLa2Ta2O12,jej|l9r,2 records; log10 span=0.000; kept jej
same_formula_multiple_records,resolved,Li6La3ZrTaO12,0ew|6hq,2 records; log10 span=0.340; kept 6hq
same_formula_multiple_records,resolved,Li6PS5Cl,caltech_icsd_131109|caltech_icsd_133976|caltech_icsd_259200|liverpool_499_0415,4 records; log10 span=0.802; kept caltech_icsd_133976
same_formula_multiple_records,resolved,Li7P3S11,mdp|ptg|liverpool_717_0599,3 records; log10 span=0.998; kept liverpool_717_0599
conflicting_normalized_family,resolved_by_preferred_family,Li7P3S11,mdp|ptg|liverpool_717_0599,thio_lisicon|thio_phosphate; selected_family=thio_lisicon
same_formula_multiple_records,resolved,LiNbCl4O,v02|trv1_0078,2 records; log10 span=0.318; kept v02
same_formula_multiple_records,resolved,LiTaCl4O,v01|trv1_0124,2 records; log10 span=0.093; kept v01
same_formula_multiple_records,resolved,SrLi6La2Nb2O12,cjq|20k,2 records; log10 span=0.056; kept cjq
same_formula_multiple_records,resolved,SrLi6La2Ta2O12,ps0|gyw|zxr,3 records; log10 span=0.222; kept ps0
