trial,state,value,duration_seconds,param_n_estimators,param_max_depth,param_learning_rate,param_min_child_weight,param_subsample,param_colsample_bytree,param_gamma,param_reg_alpha,param_reg_lambda,user_cv_mean_doi_macro_f1,user_cv_std_weighted_macro_f1,user_fold_weighted_macro_f1
0,COMPLETE,0.4741929870258742,3.216669,300,10,0.07259248719561363,4.550475813202184,0.6624074561769746,0.5779972601681014,3.200866785899844e-08,0.6245760287469893,0.49120728102827715,0.2471528088795092,0.08656508031127226,"[0.3114516935463834, 0.4696726769064712, 0.5452697670707178, 0.5476303690822937, 0.49694042852350523]"
1,COMPLETE,0.4664929692899006,2.803495,500,3,0.13826189316223852,10.779361932748845,0.6849356442713105,0.5909124836035503,3.939402261362697e-07,5.472429642032198e-06,0.22356209648036382,0.24913641751412624,0.08963057824485256,"[0.3181769276971397, 0.5287308560335015, 0.5573442528533485, 0.5190229458766776, 0.4091898639888356]"
2,COMPLETE,0.509145611959186,6.815015,400,5,0.05243180891902853,0.8364645453054501,0.7168578594140873,0.6831809216468459,9.275538076980542e-05,0.1165691561324743,0.007833642249746978,0.25824281281157047,0.08243046323714182,"[0.35380173333447934, 0.5249809415903058, 0.5914067989186093, 0.5134187801803666, 0.5621198057721685]"
3,COMPLETE,0.21402561220293698,2.223031,400,7,0.011340440501807348,4.702115628087815,0.6682096494749166,0.5325257964926398,1.7960847528705854,4.905556676028774,4.161912539691215,0.18138087328035601,0.06056197815451558,"[0.3236862854227471, 0.20498407344950317, 0.20120115196922236, 0.1368631723226542, 0.20339337785055808]"
4,COMPLETE,0.46557765254455497,3.423673,300,3,0.06378528225249058,2.5358333235759627,0.6488152939379115,0.7475884550556351,1.9913367728263115e-08,1.527156759251193,0.014407524139905934,0.24059295386648244,0.08982122876402733,"[0.32126614263843783, 0.4467997716371422, 0.5791355765704772, 0.5405368106596272, 0.4401499612170905]"
5,PRUNED,0.37505304246672,1.802806,500,5,0.04089285700048085,3.7569262495760847,0.6739417822102108,0.9847923138822793,0.05531681668096113,2.854239907497756,10.144964926243938,,,
6,PRUNED,0.38664807763025805,3.14328,400,10,0.012707942999213693,1.0302587393796305,0.6180909155642152,0.6626651653816322,2.4048726561760165e-05,2.7678419414850017e-06,5.132846974139577,,,
7,PRUNED,0.370829340572859,0.793827,300,5,0.043477055106943,0.8408897660399112,0.9208787923016158,0.5372753218398854,3.845031120156871,0.08916674715636537,0.007756650107886999,,,
8,PRUNED,0.3701623882858932,0.764553,200,9,0.06781546492336318,7.360091638366141,0.9085081386743783,0.5370223258670452,1.3130541002425655e-05,1.1036250149900698e-07,7.315073480547534,,,
9,PRUNED,0.3803209265974871,3.594596,500,5,0.011878194167382767,1.5746438450976663,0.7300733288106989,0.864803089169032,0.0035163599046376553,0.9658611176861268,0.13006590833121745,,,
10,COMPLETE,0.49422231830031277,17.415735,600,7,0.02300787305719081,0.5342518154571322,0.8010124870699186,0.7606165441675251,0.0006361091866784225,0.004137630881036838,0.0015089361959238195,0.2542029412794483,0.07675181722569348,"[0.34564644311508336, 0.5208791856814949, 0.561447764475192, 0.5034876926936154, 0.5396505055361781]"
11,COMPLETE,0.5131052232929316,15.285196,600,7,0.021544196181482598,0.5468561354435738,0.814249705614196,0.7409481648316648,0.000820428280394016,0.0035148407688485044,0.0010493776310342001,0.2647207819540655,0.08072106466121597,"[0.36229228617553827, 0.5081237567405946, 0.5984890276947316, 0.552831257958658, 0.5437897878951358]"
12,COMPLETE,0.5144847459057794,15.492662,600,8,0.023832894737083322,0.5134658737472284,0.7924563288023665,0.7127679105159319,0.012571653008176645,0.0021839487437881415,0.0010325506988811738,0.2625739588317731,0.0782187733738484,"[0.36623889705587853, 0.5503291174482928, 0.5975238463854419, 0.5280115788536482, 0.5303202897856355]"
13,COMPLETE,0.518060164092285,16.313533,600,8,0.024051048373336253,0.5034169959585418,0.8202137070590031,0.833931982285774,0.03294064023477046,0.0005573797466124509,0.0012075236705088063,0.2655757309003279,0.08739342330823367,"[0.35001981488751954, 0.581144725337522, 0.5921935162928051, 0.5336532854510945, 0.5332894784924832]"
14,PRUNED,0.24721109199549396,1.12714,600,8,0.027736002016369877,19.708291340813847,0.8533992418364332,0.851396153546831,0.06074840210126492,0.00015859927884178925,0.03560842255755974,,,
15,PRUNED,0.41726487105945154,4.271898,600,8,0.017728594051131554,1.986573895547701,0.8681573093728416,0.8493150351253453,0.03145035906003068,8.628157756007303e-05,0.00334203092502758,,,
16,PRUNED,0.38805180584041565,1.920117,500,9,0.03268642342212805,1.4099398764091429,0.746686664104224,0.9298249375977757,0.3836771245292283,0.006246372492495332,0.040230623327597,,,
17,COMPLETE,0.5064795298367791,15.93653,600,8,0.017448771999166116,0.6031673303201881,0.7722932369224723,0.7877472183417089,0.005366165201773841,9.89503798689999e-06,0.003155961680729145,0.25846329543402013,0.08314940411074218,"[0.3485080968352892, 0.5219533286458099, 0.5954978272529979, 0.5300232695777519, 0.5364151268720466]"
18,PRUNED,0.38821299411716126,2.368149,500,6,0.0164279671863374,0.8735383226531168,0.8416634198004798,0.67455198366465,0.25545631704852906,6.479872737032061e-08,0.026590047028150002,,,
19,PRUNED,0.47568690629063975,7.941077,600,9,0.02961917019736433,1.2466616832428916,0.9684933103566042,0.9276965001645907,0.009748124713507894,0.00048152640054449717,0.6021063699168034,,,
20,PRUNED,0.45963445321272706,2.509684,200,6,0.10247280756222547,2.053802045050592,0.9964575306809536,0.8112237352551197,1.826030512200829e-06,0.020480029958667774,28.154943282136486,,,
21,PRUNED,0.4786473254047137,8.40472,600,7,0.022948198787907725,0.5576877375535522,0.8096183749033755,0.7213998654491844,0.0006007028033154222,0.0008753026592394723,0.0010948743699928805,,,
22,PRUNED,0.4810482512927187,10.757959,600,8,0.022071806295967274,0.7018765459278955,0.7813984672082105,0.6247169050806954,0.0015313884447880773,3.788149574288919e-05,0.003175137318762452,,,
23,COMPLETE,0.5039475823300015,24.919648,500,7,0.034952158855032195,0.5349426739812388,0.8344457970525605,0.7227505122657045,0.00014891519430521534,0.001699625224811521,0.0013948554223410668,0.2591357601823958,0.08019368637912816,"[0.355145908599753, 0.5485898153581958, 0.5917684068649308, 0.5027815492419799, 0.5214522315851474]"
24,PRUNED,0.4305593485602286,11.051924,600,9,0.014875237308978637,1.1446063648421132,0.8925937463844544,0.8211338116630436,0.011877895921738093,0.02080508876046038,0.005318965819653348,,,
25,PRUNED,0.3998737062272987,3.859254,500,6,0.02078868936146163,0.708369979970224,0.7611502038291372,0.7736354663341992,0.30971985604023283,3.733016835407741e-07,0.0010096120234335468,,,
26,COMPLETE,0.5155697123625231,34.474478,600,8,0.026165044025216737,0.5042870643371425,0.8165973900050099,0.8964282435490526,0.0005928209192819565,3.4583660256551104e-05,0.012449777711585869,0.2657971398047921,0.08465854419111427,"[0.35077618447160797, 0.5505730759521864, 0.5934475910367245, 0.5370094108243286, 0.5460422995277683]"
27,COMPLETE,0.5137637459950966,17.9849,500,8,0.028962355161273167,0.9868343268125789,0.8678213414918033,0.900439249909138,2.250381328545713e-05,2.909879574466094e-05,0.01438263157409733,0.2641105303422203,0.08223563376439867,"[0.35044639765934466, 0.5672508293515224, 0.5562972653470147, 0.5372497692949592, 0.5575744683226419]"
28,PRUNED,0.48871476281492304,10.288239,600,10,0.04589552961659759,0.7237743906264893,0.7130493668956291,0.9864762324651651,0.02600522043003574,1.0757872248887298e-06,0.08532883237778198,,,
29,PRUNED,0.48356232724397624,5.923861,300,9,0.026361824815860555,1.5815590015410073,0.8212556906654268,0.8823111980687628,1.6909396795445362e-07,1.2391844377699225e-08,0.0024886092949374075,,,
30,PRUNED,0.36405703805061324,4.558616,600,10,0.01433187943433289,5.478309164033704,0.9415025604559947,0.9377517825801732,0.0016885152939901953,0.000281249346269172,1.159354234959254,,,
31,COMPLETE,0.5138175017598932,23.535833,500,8,0.0360276221809046,0.9790152715279434,0.876014329768035,0.9128564591173022,3.730127377648705e-05,1.2658270597027485e-05,0.018449328817479824,0.2640913573616947,0.08151928668327389,"[0.35213938479620976, 0.5622371837594295, 0.5594451492949211, 0.5339608898942865, 0.5613049010546188]"
32,PRUNED,0.43659855481587584,12.727552,500,8,0.03539629282123248,0.6847281027561668,0.783776729816099,0.9004671799177585,3.92892359982194e-06,1.181781509294588e-05,0.01889132259957935,,,
33,COMPLETE,0.5140286494011423,19.915559,500,9,0.048149914439910235,0.5080543530723738,0.8838484345683847,0.8211702070944127,8.770268656381117e-05,1.5546441261238122e-06,0.008612257379638248,0.2655922178941086,0.076828560641973,"[0.36369425988926074, 0.57436683037032, 0.5590171974158751, 0.5473768259670676, 0.5256881333631882]"
34,COMPLETE,0.5258646571123398,13.101979,400,9,0.045518802286290114,0.6996261669869484,0.8384220211214625,0.8368011815964249,0.0002037102808097448,1.903724908944669e-06,0.006564410802865603,0.269643676909153,0.09071576020976167,"[0.34954084981144734, 0.5957157568531319, 0.5908838204759544, 0.5398536688866641, 0.5533291895345013]"
35,PRUNED,0.4883259563939541,14.383398,400,9,0.01868218548382268,0.7655234978499321,0.8417348793485387,0.7993026741910574,0.00034632257421647193,6.383487595826916e-05,0.005661781674498846,,,
36,PRUNED,0.4129187315321208,3.040696,400,7,0.08539157424163489,0.6408184344775247,0.7461663258544001,0.9561373245890709,0.09184029754425443,0.15112933070646112,0.002213373608305403,,,
37,PRUNED,0.41819885234958654,1.53766,400,10,0.05509899398579639,0.5048109092849763,0.7006370428783895,0.6961682039068637,0.9860722695718314,4.452665359810113e-07,0.005022194303021567,,,
38,PRUNED,0.4126312032449937,2.922693,300,8,0.025586523664242987,3.09457334558751,0.8049663533619009,0.8405977359900458,0.0001180235401927114,4.6090025285694155e-06,0.06691363464762735,,,
39,PRUNED,0.44372642393005957,6.153023,400,9,0.054328046747908754,0.8810694503934811,0.7863122316390088,0.6087240724555513,0.005203440219317308,0.0008741571756568675,0.010052056719041339,,,
40,PRUNED,0.4127590873956283,3.623771,300,4,0.010285689556684885,0.6399669272559841,0.8262020833940152,0.8760386653631584,0.0021140725972797823,0.00017777770724245262,0.2616787860541973,,,
41,COMPLETE,0.5234963604548808,22.117415,500,10,0.046452612749383344,0.5101760638118197,0.8896564463782426,0.815496048564332,4.689482095368767e-05,1.924127567246232e-06,0.008349675608103747,0.2692148817139685,0.0898650206108171,"[0.3564339484078367, 0.6094462540338225, 0.5944041098100089, 0.529434910895308, 0.527762579127428]"
42,PRUNED,0.5105605020298863,19.968346,600,10,0.04090099625797534,0.8300919753652111,0.9147330742599983,0.7801431889960021,2.65949637205855e-06,1.363607373038754e-07,0.0017505715743573109,,,
43,COMPLETE,0.534248197532185,23.367607,600,10,0.0794877966338648,0.6258837550652822,0.8481573308581584,0.8336689162240002,5.574671827025875e-05,2.0222774336039625e-05,0.010948437194954742,0.2723574588425162,0.09242833416955647,"[0.36460887286401666, 0.6094736121137614, 0.6248547811884445, 0.5417115569990104, 0.5305921644956921]"
44,PRUNED,0.4185829860790837,2.625055,500,10,0.1405396696403326,8.446214420756919,0.8561801824395184,0.833347343585636,5.136290272536116e-05,2.0484954949130976e-06,0.010964330590813297,,,
45,COMPLETE,0.5183362500133816,13.16692,600,10,0.08157109416949603,1.1887500030835352,0.9014424992299304,0.8769539352333937,1.1535359706478817e-05,2.1134655559678327e-05,0.005871010754418578,0.26373555039476626,0.08342523565120166,"[0.3554431422772925, 0.5616688395175278, 0.5909128752179799, 0.5446444198975875, 0.5390119731565203]"
46,PRUNED,0.47901015427545784,5.539837,400,10,0.0808120868424209,1.0696026075981322,0.9365767820834169,0.8723718575444704,7.041647584317063e-07,6.328728731794904e-07,0.004701147971276341,,,
47,COMPLETE,0.5234469956708319,10.297545,500,10,0.12015516682153862,1.2969541553858004,0.8981030992234487,0.8035605455450058,7.1496568353996595e-06,6.59962723801433e-06,0.04742180415804546,0.26989061111097906,0.07189618624067924,"[0.38594177547144765, 0.5696708913053629, 0.587639722824251, 0.5495087141547286, 0.524473874598369]"
48,COMPLETE,0.5161549442872239,11.795808,500,10,0.10851929308777639,1.3134221178869765,0.8981862411066259,0.7593730767885163,5.120047291343619e-06,5.194164088571069e-06,0.06198527790111435,0.2670793521819151,0.06622683070119512,"[0.38716088411802213, 0.5665293698187003, 0.5603271495681041, 0.5435869595842181, 0.5231703583470745]"
49,PRUNED,0.42231056007895906,3.268472,400,10,0.11367734319990742,1.783391225579071,0.9327358512611489,0.8005315311569079,1.1015912343231928e-05,2.296052727074523e-07,0.030883855716212542,,,
