trial,state,value,duration_seconds,param_iterations,param_depth,param_learning_rate,param_l2_leaf_reg,param_random_strength,param_bagging_temperature,user_cv_mean_doi_macro_f1,user_cv_std_weighted_macro_f1,user_fold_weighted_macro_f1
0,COMPLETE,0.5398712286543528,50.374438,300,7,0.07259248719561363,1.2067245262919604,0.004207988669606638,0.7799726016810132,0.27337410745438745,0.06028215643216301,"[0.4330695613159768, 0.5711861327057214, 0.5967364490025248, 0.5147186983188237, 0.5836453019287174]"
1,COMPLETE,0.4879702687986057,12.276007,100,7,0.05092911283433821,2.897705266717829,0.0012087541473056963,4.8495492608099715,0.2531189642366392,0.10555743049729231,"[0.28689820088244866, 0.5570190668794864, 0.5863229807037557, 0.49310013280521653, 0.5165109627221217]"
2,COMPLETE,0.4880218626555406,11.617054,500,4,0.016362239850894633,0.04342298948286135,0.016480446427978974,2.6237821581611893,0.2534695759471242,0.08124030355561407,"[0.33191433542277915, 0.5173960011050784, 0.5245754070077009, 0.4987230456883771, 0.5675005240537675]"
3,COMPLETE,0.5299202226992702,10.484326,300,5,0.05243180891902853,0.030551818670802627,0.01474275315991467,1.8318092164684585,0.27008824948378923,0.04554753325038951,"[0.45601238614012796, 0.5685064356039257, 0.5680775123475471, 0.4971844592097345, 0.5598203201950157]"
4,COMPLETE,0.514565837998006,56.079217,300,7,0.017172542103877867,0.613840438900799,0.23423849847112907,0.23225206359998862,0.2639063246112735,0.08340547960941502,"[0.36144280842649984, 0.5514709168782305, 0.5580355268117944, 0.4987961559604995, 0.6030837819130063]"
5,PRUNED,0.3451316656180699,4.004687,400,4,0.011926324174062874,19.924621034349894,7.2866537374910445,4.041986740582305,,,
6,PRUNED,0.4163719550152568,1.950908,200,4,0.06378528225249058,0.3392060513051209,0.003077180271250686,2.475884550556351,,,
7,PRUNED,0.419294741064305,5.798083,100,7,0.020153425505297702,2.0121961636102865,0.017654048052495083,2.600340105889054,,,
8,PRUNED,0.4290183134079454,3.917121,400,4,0.13814017620274424,4.957135786745318,5.727904470799623,4.474136752138244,,,
9,COMPLETE,0.5233166423901005,73.902294,400,7,0.012707942999213693,0.04802376182711899,0.0015167330688076208,1.6266516538163218,0.263186468301668,0.06107032967680285,"[0.42056870227049786, 0.5602069385545783, 0.598971134351597, 0.4965287070303253, 0.5403077297435036]"
10,PRUNED,0.46839665859249224,15.265013,600,6,0.11923554250535776,0.2085880162511821,0.3633741340913686,0.19362599980591444,,,
11,COMPLETE,0.5412303472244523,14.803619,300,5,0.07512581125290073,0.01058267298458871,0.01774175914935124,1.2388727526096672,0.2742799846332057,0.06099800547760692,"[0.4352545974526565, 0.562966364681195, 0.6072503850675078, 0.5158739404100633, 0.5848064485108391]"
12,COMPLETE,0.5468492818129053,14.744193,200,6,0.08573121231492478,0.011740742471714227,0.051103332581514,1.0016164459088965,0.27928577375890756,0.06763157276331916,"[0.42921299827182424, 0.598465929668537, 0.5929962844895048, 0.5118380288413036, 0.6017331677933567]"
13,COMPLETE,0.53874014314251,12.143193,200,5,0.09185855546121562,0.01107023388046398,0.07495849797769727,1.2863721831577055,0.2757701706335005,0.0641404127634618,"[0.4345463079031417, 0.5890725754526916, 0.6206701250731572, 0.5186309379859115, 0.5307807692976478]"
14,COMPLETE,0.5413800160703401,17.372515,200,6,0.03373618202708562,0.011577885318092519,0.11399654597808395,0.9851344730206275,0.27140305586186597,0.06832197842424016,"[0.4271220923918577, 0.5842118775562289, 0.5995833930778914, 0.4981166686863164, 0.5978660486394058]"
15,PRUNED,0.41601440914303633,13.577181,200,6,0.03181085434354895,0.10312498047695033,1.5558921022520469,3.427523040644672,,,
16,PRUNED,0.4938727749730033,3.44808,100,6,0.03495337593931401,0.02919573144809402,0.08045968258202271,0.7325166404003178,,,
17,PRUNED,0.4699611850804736,7.413155,200,6,0.026212768481045996,0.13204436540927297,0.45834003230538695,0.7721284581178038,,,
18,PRUNED,0.4219490637567008,6.344072,200,6,0.04790454802140979,0.01485565477523837,0.05059240092100796,2.0597892511074325,,,
19,PRUNED,0.4028730947951658,2.21096,100,5,0.09830873314125667,0.09353535567450692,1.1349835828662918,3.563400347637047,,,
20,PRUNED,0.4857907350397934,23.714084,500,6,0.025113660660668106,0.021892126343732193,0.20610254062242855,1.2104873071540285,,,
21,PRUNED,0.4606835236627205,7.754049,300,5,0.08284054144044123,0.01180502727748336,0.032035588390084274,1.2496530056454662,,,
22,PRUNED,0.47043675902381976,7.944606,200,5,0.04139870109543188,0.01001350017951381,0.007561732739274253,0.5187538380767707,,,
23,PRUNED,0.4379118987013499,15.935478,300,6,0.05900156662381948,0.06270343883478108,0.13869245240678357,2.2110029571209764,,,
24,COMPLETE,0.5442053621515622,11.712135,200,5,0.11604794339830134,0.01912276350464493,0.03355324621096075,1.433782464095844,0.279899825376384,0.04889440285471046,"[0.46766655858018774, 0.5602328836787679, 0.6098752698061624, 0.5141269514184773, 0.5691251472742159]"
25,PRUNED,0.46531504793842154,2.893232,100,6,0.1484745325530142,0.025424717787089712,0.03780089324187295,1.5953183708608523,,,
26,PRUNED,0.4272292051901507,3.455215,200,5,0.10702101369501504,0.02015721560118222,0.8465795455104038,2.9852233751971995,,,
27,PRUNED,0.5272121029526807,10.042837,200,6,0.11458601766205154,0.05075503077176443,0.13736751787766474,0.9635629893737113,,,
28,PRUNED,0.40440767084217893,3.701454,100,5,0.029022826380298166,27.572539168213343,0.03432287525188344,1.622231589528105,,,
29,PRUNED,0.45974966550669594,10.097,300,6,0.04204713589298374,0.9585845886894033,0.006752795184570012,0.4656208515927035,,,
30,PRUNED,0.4594967977099583,49.373873,200,7,0.07095895342859586,0.27643040426729154,0.06993700387973727,0.8960611343998444,,,
31,PRUNED,0.48588051608815946,5.669438,300,5,0.07272944496604059,0.016560449679323585,0.022644425957589583,1.180897253124276,,,
32,PRUNED,0.4479766527227695,13.289495,400,5,0.0819069397551939,0.010463735031503968,0.006073670179551661,1.9854728101308794,,,
33,PRUNED,0.5284087177116429,7.977406,200,5,0.12297909657742215,0.027789910363772853,0.00971985200497845,0.01378617696817297,,,
34,PRUNED,0.4523544901400941,4.280231,300,4,0.05684732536992765,0.039758466499117164,0.003411244587372371,1.5201521004411704,,,
35,COMPLETE,0.5620111691813157,21.973653,300,5,0.04688968629930033,0.018234524522977056,0.014612929804787195,0.39768614331621677,0.28572807505456777,0.07201444108931485,"[0.44071090960566983, 0.6248760850655147, 0.6055570478366991, 0.5181842898055026, 0.6207275135931919]"
36,COMPLETE,0.5410124545685279,17.261668,100,6,0.04704032021778167,0.08355460909277493,0.05190792737763373,0.47785906870702644,0.2742003993475989,0.04763655786197344,"[0.4886706362290089, 0.5866107490498291, 0.5267770681902336, 0.49625413029566295, 0.6067496890779046]"
37,PRUNED,0.46515988399558816,4.091339,200,5,0.03778067653954373,0.017195222372779085,0.13417027769522988,0.6171807004781334,,,
38,PRUNED,0.49070568084915145,6.805201,400,4,0.022283454468109653,0.03608388054712223,0.012710033350968784,0.2645584380140278,,,
39,PRUNED,0.5011355650706694,30.601254,500,7,0.0645003709418499,4.889976519242343,0.002032240330643745,1.0153682166211295,,,
40,PRUNED,0.4451783382476382,2.83651,300,4,0.09285720246279541,0.14631125833407171,0.021031469010335514,2.3594078594043473,,,
41,PRUNED,0.4692400594783126,5.281893,300,5,0.08007128392781845,0.01685068622549154,0.025745298920011307,1.3852537181520084,,,
42,PRUNED,0.4481292570346451,5.00753,300,5,0.05279314733367616,0.024483563229273874,0.013270236868434794,1.8400316255521312,,,
43,PRUNED,0.4943097929703162,4.236879,300,5,0.12473569779678668,0.06457333639998301,0.04991464635092848,1.0894879577201144,,,
44,PRUNED,0.5013912790755867,9.75612,400,6,0.06850544125367798,0.014909382101345847,0.004529458650548006,0.287150097963238,,,
45,PRUNED,0.47747934534145053,2.900463,200,5,0.10815883038194705,0.03377393071126241,0.2493256003613006,0.01621350573928182,,,
46,PRUNED,0.41951736392637307,15.283726,600,6,0.01603061523885811,0.014108229654094459,0.014208181029780324,4.959782326816243,,,
47,PRUNED,0.4579506177826086,1.034923,100,4,0.03385627080722526,0.5745885087296093,0.11282870213013668,0.7734415215515393,,,
48,PRUNED,0.48583128674803455,3.051775,200,5,0.09523641228818737,0.0524490174920391,0.053561404662840324,1.3725856958428546,,,
49,PRUNED,0.45465840623899945,10.998519,400,6,0.04357144407135732,0.020980136810321168,0.0833018253026868,2.761177066427332,,,
