compound	icsd_collectioncode	conductivity_doi	conductivity_siemens_per_cm	lowest_extrapolation_temperature_K
Li6.7La3Zr1.7Ta0.3O12	885	10.2109/jcersj2.16019	0.000504	na
Li6.5La3Zr1.5Ta0.5O12	894	10.2109/jcersj2.16019	0.000842	na
Li4B7O12Cl	1125	10.1107/S0567740877009443	2.40E-05	na
Li2TeO4	1485	10.1016/0025-5408(94)90011-6	3.79E-16	580
Li2SO4	2512	10.1051/epjap/2014130433	1.40E-14	473.15
Li6CuB4O10	4819	10.1021/acs.inorgchem.8b01785	1.00E-13	420
Li10.2(Sn0.2Si0.8)1.2P1.8S12	5667	10.1021/acs.chemmater.9b00743	0.0025	na
Li10.35(Sn0.2Si0.8)1.35P1.65S12	5669	10.1021/acs.chemmater.9b00743	0.011	na
Li1.8LaNbTa1.2Ti0.8O7	5926	10.1039/C9DT03547H	4.26E-09	na
LiTi2(PO4)3	7930	10.1016/j.solidstatesciences.2016.08.011	3.13E-06	na
Li1.114Al0.101Ti1.9(PO4)3	7931	10.1016/j.solidstatesciences.2016.08.011	0.00173	na
Li1.222Al0.205Ti1.795(PO4)3	7932	10.1016/j.solidstatesciences.2016.08.011	0.00173	na
Li1.252Al0.281Ti1.718(PO4)3	7933	10.1016/j.solidstatesciences.2016.08.011	0.00317	na
Li1.312Al0.407Ti1.592(PO4)3	7934	10.1016/j.solidstatesciences.2016.08.011	0.00563	na
Li1.421Al0.421Ti1.579(PO4)3	7935	10.1016/j.solidstatesciences.2016.08.011	0.00563	na
Li1.414Al0.511Ti1.489(PO4)3	7936	10.1016/j.solidstatesciences.2016.08.011	0.0047	na
Li3SbS4	8407	10.1016/j.ssi.2019.01.017	4.80E-09	na
Li5GaO4	9082	10.1016/0025-5408(76)90169-0	5.33E-12	385
Li6.2P0.8Si0.2S5I	11042	10.1021/acs.chemmater.9b01857	7.16E-05	na
Li6.25P0.75Si0.25S5I	11043	10.1021/acs.chemmater.9b01857	0.000169031	na
Li6.3P0.7Si0.3S5I	11044	10.1021/acs.chemmater.9b01857	0.000466257	na
Li6.4P0.6Si0.4S5I	11045	10.1021/acs.chemmater.9b01857	0.000836458	na
Li6.5P0.5Si0.5S5I	11046	10.1021/acs.chemmater.9b01857	0.001361319	na
Li6.6P0.4Si0.6S5I	11047	10.1021/acs.chemmater.9b01857	0.00156275	na
Li6.7P0.3Si0.7S5I	11048	10.1021/acs.chemmater.9b01857	0.002009892	na
Li6.05P0.95Sn0.05S5I	11050	10.1021/acs.chemmater.9b01857	7.27E-06	na
Li6.1P0.9Sn0.1S5I	11051	10.1021/acs.chemmater.9b01857	3.50E-05	na
Li6.15P0.85Sn0.15S5I	11052	10.1021/acs.chemmater.9b01857	4.42E-05	na
Li6.2P0.8Sn0.2S5I	11053	10.1021/acs.chemmater.9b01857	5.82E-05	na
Li6.25P0.75Sn0.25S5I	11054	10.1021/acs.chemmater.9b01857	7.67E-05	na
Li6.3P0.7Sn0.3S5I	11055	10.1021/acs.chemmater.9b01857	9.17E-05	na
LiMgPO4	11770	10.1021/cm504518q	5.23E-12	na
Li3.81Sn0.85Sb0.15S4	12641	10.1016/j.jpowsour.2019.227338	0.00085	na
Li4SnS4	12642	10.1016/j.jpowsour.2019.227338	2.70E-06	na
Li3.83Sn0.9Sb0.1S4	12643	10.1016/j.jpowsour.2019.227338	0.00062	na
Li3.72Sn0.8Sb0.2S4	12644	10.1016/j.jpowsour.2019.227338	0.00079	na
Li6ZnP4O14	13429	10.1021/acs.inorgchem.8b01800	1.43E-15	473.15
LiNaSO4	14364	10.1016/0167-2738(90)90312-F	1.66E-26	573.15
Li6PS5Br	14761	10.1039/C9TA02126D	0.00115	na
Li6PS5Br	14762	10.1039/C9TA02126D	0.00138	na
Li6PS5Br	14763	10.1039/C9TA02126D	0.00165	na
Li6PS5Br	14764	10.1039/C9TA02126D	0.00258	na
Li6PS5Br	14765	10.1039/C9TA02126D	0.00141	na
Li3.8Si0.8P0.2S4	14937	10.1021/acs.chemmater.9b00657	5.19E-05	na
Li3.5Si0.5P0.5S4	14938	10.1021/acs.chemmater.9b00657	0.000612	na
Li3.67Si0.67P0.33S4	14939	10.1021/acs.chemmater.9b00657	0.000231	na
Li3.15Si0.15P0.85S4	14940	10.1021/acs.chemmater.9b00657	0.00115	na
Li3.25Si0.25P0.75S4	14942	10.1021/acs.chemmater.9b00657	0.00122	na
Li3.33Si0.33P0.67S4	14943	10.1021/acs.chemmater.9b00657	0.00104	na
LiGaO2	14987	10.1021/acs.chemmater.9b04540	5.00E-08	na
LiGaS2	14988	10.1021/acs.chemmater.9b04540	3.10E-07	na
Li7La3Zr2O12	14991	10.1021/acs.chemmater.9b03526	4.86E-06	na
Li7La3Zr1.842Ce0.158O12	14992	10.1021/acs.chemmater.9b03526	6.16E-05	na
Li3Fe(MoO4)3	16176	10.1039/B301189e	6.26E-15	501
Li5AlO4	16229	10.1016/0025-5408(76)90169-0	2.90E-14	400
Li7N2I	16799	10.1016/0025-5408(81)90124-0	4.28E-06	na
Li5NI2	16800	10.1016/0025-5408(81)90124-0	1.71E-06	na
Li3InCl6	17638	10.1002/anie.201909805	0.00204	na
Li4GeO4	18096	10.1111/j.1151-2916.1976.tb10985.x	2.80E-10	370
LiGaO2	18152	10.1007/BF00549810	4.12E-17	547
Li3.01ScCl6	18229	10.1021/jacs.0c00134	0.00305	na
Li3CaB2O5F	18420	10.1039/D0DT02423F	2.56E-07	na
Li5.75La3Nb1.25Ce0.75O12	18587	10.1039/D0DT02112A	0.00014	na
Li1.3Al0.3Ti1.7(PO4)3	18657	10.1021/acs.chemmater.9b04899	0.00171	na
Li10Ge(P0.925Sb0.075)2S12	18842	10.1021/acs.chemmater.9b04764	0.0172	na
Li1.884(OH1.12)Cl	19667	10.1021/acs.inorgchem.0c01631	2.60E-06	na
Li2(OH)Cl	19668	10.1021/acs.inorgchem.0c01631	1.40E-07	na
Li1.5 Al0.5 Ti1.5 (P O4)3	19905	10.1021/cm010528i	0.0038	na
Li7La3Zr2O12	19912	10.1016/j.ssi.2020.115312	2.58E-05	na
Li0.29La0.57TiO3	19945	10.1016/j.ssi.2020.115486	0.0012	na
Li0.29La0.57TiO3	19946	10.1016/j.ssi.2020.115486	0.001	na
Li6.533La2.976Zr1.5Ta0.5O11.964	19965	10.1016/j.ssi.2019.115170	0.000861	na
Li6.399La2.852Zr1.5Ta0.5O11.792	19966	10.1016/j.ssi.2019.115170	0.000732	na
Li6.6La3Zr1.6Sb0.4O12 + 1wt% LiAlO2	19975	10.1016/j.ssi.2019.115185	0.000316	na
Li6.4Al0.2La3Zr2O12	19992	10.1016/j.ssi.2020.115317	0.0001	na
Li3PO4	20208	10.1006/jssc.1995.1140	9.80E-18	542
H4Al1Li1	22247	10.1063/1.3356981	8.70E-09	na
Li5.5PS4.5Cl1.5	22269	10.1002/anie.201814222	0.00941	na
Li6.96Sn1.55Si1.71P0.8S12	22436	10.1016/j.ssi.2020.115458	8.50E-05	na
Li6.8La3Zr1.8Ta0.2O12	22955	10.2109/jcersj2.19022	0.000665	na
Li6.6La3Zr1.6Ta0.4O12	22956	10.2109/jcersj2.19022	0.0011	na
Li6.5La3Zr1.5Ta0.5O12	22957	10.2109/jcersj2.19022	0.0011	na
Li6.4La3Zr1.4Ta0.6O12	22958	10.2109/jcersj2.19022	0.000975	na
Li6.2La3Zr1.2Ta0.8O12	22959	10.2109/jcersj2.19022	0.000581	na
Li6.5La3Zr1.5Nb0.5O12	25445	10.2109/jcersj2.19094	0.00139	na
Li6.5La3Zr1.5Ta0.5O12	25446	10.2109/jcersj2.19094	0.00127	na
Li3N	26540	10.1039/C0EE00052C	0.0005767	na
Li3YBr6	29957	10.1021/acs.chemmater.0c04352	0.00409	na
Li3YBr6	29961	10.1021/acs.chemmater.0c04352	0.00128	na
Li3YCl6	29965	10.1021/acs.chemmater.0c04352	4.75E-05	na
Li3YCl6	29969	10.1021/acs.chemmater.0c04352	6.34E-05	na
Li10GeP2S12	30161	10.1021/acs.chemmater.8b00266	0.0076	na
Li10Ge0.66Sn0.33P2S12	30165	10.1021/acs.chemmater.8b00266	0.0064	na
Li10Ge0.33Sn0.66P2S12	30169	10.1021/acs.chemmater.8b00266	0.0048	na
Li10SnP2S12	30173	10.1021/acs.chemmater.8b00266	0.0038	na
Li5.7Ca0.15PS5Cl	30301	10.1021/acs.chemmater.0c03090	0.0052	na
Li5.55Ca0.1PS4.75Cl1.25	30302	10.1021/acs.chemmater.0c03090	0.0068	na
Li5.35Ca0.1PS4.5Cl1.55	30303	10.1021/acs.chemmater.0c03090	0.0102	na
Li5.3Ca0.1PS4.5Cl1.5	30304	10.1021/acs.chemmater.0c03090	0.0077	na
Li5VF4(SO4)2	30385	10.1021/acsami.0c14781	2.24E-05	na
Li6Ge2O7	31050	10.4028/www.scientific.net/MSF.76.107	9.97E-15	680
Li0.87Na0.13Cr(MoO4)2	31230	10.1016/j.jallcom.2020.154740	1.49E-26	672
Li5GaS4	32139	10.1039/D1DT00766A	1.80E-07	na
Li3.53((Ge0.75P0.25)0.7V0.3O4)	32326	10.1021/acsaem.9b01152	5.10E-05	na
Li29Zr9Nb3O40	33191	10.1016/j.jallcom.2019.152517	0.000175	na
Li2.10Sn0.90O2.85	33397	10.1016/j.ssi.2021.115610	1.00E-06	na
LiSi2N3	34118	10.1016/0167-2738(87)90119-6	3.97E-10	413
Li2.53Er0.53Zr0.47Cl6	34302	10.1021/acsenergylett.9b02599	0.000934	na
LiNi0.33Co0.33Mn0.33O2	34311	10.1021/acsaem.0c02606	6.46E-08	na
Li2ZnGeO4	34362	10.1016/0167-2738(83)90038-3	7.17E-15	723
Li0.08Sr0.96Ta2O6	34359	10.1039/C8RA02779J	9.71E-12	400
Li0.17Sr0.92Ta2O6	34366	10.1039/C8RA02779J	3.41E-10	na
Li0.25Sr0.88Ta2O6	34367	10.1039/C8RA02779J	1.10E-10	na
Li3PS4	35018	10.1021/acs.chemmater.7b05108	3.00E-07	na
Li3.75P0.25Si0.75O4	35168	10.1016/b978-0-08-021592-1.50024-6	4.80E-07	340
LiAlCl4	35275	10.1149/1.2133238	1.00E-06	na
LiIO3	35473	10.1016/S0038-1098(00)00247-7	1.90E-07	na
LiScO2	36124	10.1016/0167-2738(81)90021-7	2.74E-17	426
Li1.3(Al0.3Ti1.7)(PO4)3	36778	10.1016/j.ensm.2021.10.003	0.00045838	na
Li1.5(Al0.5Ge1.5)(PO4)3	36779	10.1111/j.1551-2916.2007.01827.x	0.0004	na
Li1.396Fe0.42Ge1.58(PO4)3	36789	10.1016/j.jallcom.2020.156338	1.07E-06	na
Li1.396Fe0.42Ge1.58(PO4)3	36790	10.1016/j.jallcom.2020.156338	1.71E-05	na
Li1.396Fe0.42Ge1.58(PO4)3	36791	10.1016/j.jallcom.2020.156338	1.40E-05	na
Li1.396Fe0.42Ge1.58(PO4)3	36792	10.1016/j.jallcom.2020.156338	1.65E-05	na
Li1.396Fe0.42Ge1.58(PO4)3	36793	10.1016/j.jallcom.2020.156338	1.62E-05	na
Li1.396Fe0.42Ge1.58(PO4)3	36794	10.1016/j.jallcom.2020.156338	1.83E-05	na
Li6.7Al0.012La3Zr1.56Ta0.25Si0.15O11.91	36942	10.1016/j.ssi.2021.115713	0.00042	na
Li7.15Al0.012La3Zr1.71Ta0.25Si0.15O12.44	36943	10.1016/j.ssi.2021.115713	0.00046	na
Li6.79Al0.012La3Zr1.61Ta0.25Si0.15O12.12	36944	10.1016/j.ssi.2021.115713	0.00029	na
Li2.15Al0.5S1.65Cl0.35	38290	10.1021/acs.chemmater.1c02751	6.10E-06	na
LiYO2	45511	10.1016/0167-2738(81)90021-7	4.93E-13	370
LiBiO2	46022	10.1016/j.ssi.2015.10.016	3.80E-08	na
Li3.4Si0.7S0.3O4	47145	10.1039/JM9910101023	4.21E-07	na
Li7.2N1.6Cl2.4	49646	10.1016/0025-5408(79)90191-0	1.23E-06	na
Li3ErCl6	50151	10.1016/j.isci.2019.05.036	0.00033	na
Li1.9Mn0.9Ga0.1Cl4	50305	10.1016/S0167-2738(96)00592-9	2.37E-07	na
Li1.65Mn0.65In0.35Cl4	50306	10.1016/S0167-2738(96)00592-9	1.40E-08	323
Li2Fe1.075Ti0.925P3O12	51332	10.1016/S0167-2738(96)00565-6	3.34E-07	373
LiVO3	51443	10.1006/jssc.2000.9009	2.05E-09	na
Li5La3Nb2O12	54865	10.1111/j.1551-2916.2005.00060.x	8.00E-06	na
LiAlSiO4	55665	10.1016/0375-9601(75)90788-4	5.82E-14	410
Li1.5Fe0.5Ti1.5(PO4)3	55751	10.1149/1.2086597	0.000174	na
Pb6.12Ca1.9Li1.96(PO4)6	59615	10.1006/jssc.2002.9596	2.25E-16	700
Li4SiS4	59708	10.1016/0025-5408(89)90053-6	2.76E-08	na
LiGaBr4	61337	10.1016/S0167-2738(00)00491-4	7.00E-06	na
Li6ZnO4	62137	10.1016/0025-5408(76)90169-0	6.20E-11	400
Li2.08Ti0.92In1.08P3O12	65051	10.1016/S0167-2738(96)00565-6	8.30E-06	418
Li2B4O7	65930	(No DOI) Ionic conductivity of crystalline and glassy Li2B4O7 Physics and Chemistry of Glasses. 2003 Apr 1;44(2):166-9.	5.96E-09	323
LiPN2	66007	10.1016/0167-2738(90)90432-Q	2.16E-09	400
Li3.5Ge0.5V0.5O4	66576	10.1016/0025-5408(80)90249-4	4.20E-05	na
Li3OBr	67265	10.1016/j.ssi.2015.11.027	1.02E-05	na
Li2Ge7O15	68247	10.1016/0025-5408(76)90235-X	5.00E-16	526
Li7PN4	69017	10.1016/0167-2738(90)90432-Q	1.60E-07	400
Li3Fe2P3O12	69345	10.1016/0167-2738(90)90442-T	1.17E-08	370
Li2MnCl4	69678	10.1016/0167-2738(83)90223-0	4.79E-06	na
LiGe2(PO4)3	69763	10.1021/acsami.8b00842	4.83E-09	na
LiLaNb2O7	72566	10.1016/0925-8388(93)90192-P	4.95E-12	515
Li6FeCl8	73217	10.1002/zaac.19875531020	1.81E-08	373.15
Li2MgBr4	73276	10.1149/1.2108704	7.80E-10	385
Li6Zr2O7	73835	10.3103/S1062873810050199	1.60E-13	491
Li2MgCl4	74957	10.1016/0167-2738(83)90223-0	6.24E-07	na
Li2CdCl4	74958	10.1016/0025-5408(81)90142-2	8.80E-07	473
Li2VCl4	74959	10.1016/0167-2738(83)90223-0	6.95E-06	na
Li2.88PO3.73N0.14	79426	10.1006/jssc.1995.1140	1.40E-13	425
Li3PO4	79427	10.1006/jssc.1995.1140	4.20E-18	540
LiGa(Si2O6)	80924	10.1016/0167-2738(87)90048-8	2.74E-13	395
Nd0.54Li0.36TiO3	81047	10.1016/S0022-3697(96)00226-0	3.42E-08	na
Pr0.51Li0.39TiO2.96	81048	10.1016/S0022-3697(96)00226-0	5.34E-07	na
LiAlSi3O8	81980	10.4028/www.scientific.net/KEM.790.9	7.19E-09	375
Li0.33La0.5TiO3	82671	10.1016/0038-1098(93)90841-A	0.001	na
La0.58Li0.27TiO3	82672	10.1016/S0167-2738(98)00070-8	0.000599	na
Li0.284Sm4.512Si3O12.91	83279	10.1016/0167-2738(95)00240-5	5.05E-12	480
Li0.87Hf2.032P3O12	83501	10.1021/cm970078n	9.20E-08	370
LiSn2(PO4)3	83832	10.1149/1.2220723	2.04E-09	na
Li6NBr3	84091	10.1016/j.jallcom.2015.01.082	9.47E-09	338
Li3AlF6	85171	10.1149/2.012206eel	4.70E-12	473
Li2MgTi3O8	86165	10.1039/A800234G	3.26E-11	436
Li2CoTi3O8	86166	10.1039/A800234G	9.62E-19	622
Li2CoGe3O8	86167	10.1039/A800234G	1.58E-21	713
Li2NiGe3O8	86168	10.1039/A800234G	4.88E-09	336
Li2ZnGe3O8	86169	10.1039/A800234G	2.70E-31	835
Li4SrN2	87413	10.1002/anie.198917021	2.30E-13	703
Li4Sr3Nb5.77Fe0.23O19.77	87823	10.1021/cm980736j	1.90E-11	360
Li4Sr3Nb6O20	87824	10.1021/cm980736j	2.35E-12	389
Li3InCl6	89617	10.1002/anie.201909805	0.00204	na
La0.5Li0.5O3Ti1	91810	10.1557/PROC-575-337	0.000309847	na
Li(LaTiO4)	91843	10.4028/www.scientific.net/MSF.321-324.965	4.98E-15	563
Li(NdTiO4)	91844	10.4028/www.scientific.net/MSF.321-324.965	7.68E-16	694
Li4GeS4	92200	10.1016/S0167-2738(00)00277-0	2.00E-07	na
La0.64Li0.08TiO3	92228	10.1016/S0167-2738(00)00761-X	0.000335	na
La0.625Li0.125TiO3	92229	10.1016/S0167-2738(00)00761-X	0.00044098	na
La0.595Li0.215TiO3	92234	10.1016/S0167-2738(00)00761-X	0.000853	na
La0.565Li0.305TiO3	92235	10.1016/S0167-2738(00)00761-X	0.000957	na
La0.5Li0.5TiO3	92237	10.1016/S0167-2738(00)00761-X	0.000925	na
Li2ZrO3	94894	10.1016/0167-2738(81)90021-7	1.32E-14	386
Li3.333Mg0.333P2S6	95606	10.1016/S0167-2738(02)00007-3	6.77E-09	na
Li2.667Mg0.667P2S6	95607	10.1016/S0167-2738(02)00007-3	1.31E-06	na
LiZnPS4	95785	10.1021/acs.chemmater.7b05108	5.40E-08	na
LiTi2(PO4)3	95979	10.1021/acs.inorgchem.6b02274	7.61E-06	na
Li0.18La0.61TiO3	99398	10.1039/C7TA00196G	0.0002	na
r-LiAlO2	99517	10.1016/0167-2738(81)90021-7	3.38E-17	523
Li14Zn(GeO4)4	100169	10.1016/0022-4596(88)90179-X	0.000103	473
Li5.74Si0.08Sb0.92S4.99I1.01	101866	10.1021/jacs.9b08357	6.70E-06	na
Li6.16Si0.62Sb0.38S5.07I0.93	101867	10.1021/jacs.9b08357	0.019	na
Li6.47Sn0.2Sb0.8S4.97I1.03	101868	10.1021/jacs.9b08357	0.00012	na
Li6.07Si0.34Sb0.66S5.01I0.99	101869	10.1021/jacs.9b08357	0.00414	na
Li6.22Ge0.43Sb0.57S5I	101870	10.1021/jacs.9b08357	0.0063	na
Li5.96Ge0.22Sb0.78S5.01I0.99	101871	10.1021/jacs.9b08357	0.00087	na
Li6.28Si0.45Sb0.55S5.04I0.96	101872	10.1021/jacs.9b08357	0.00998	na
"	Al0.973Li3.126S3"	101899	10.1021/acs.chemmater.9b03230	1.30E-08	na
Li2.33PSi0.17	109212	10.1021/jacs.9b05301	0.00109	na
Li4GeS2Se2	111751	10.1021/acs.chemmater.0c04150	2.60E-05	na
Li4GeS3Se	111752	10.1021/acs.chemmater.0c04150	8.54E-06	na
Li4GeSSe3	111753	10.1021/acs.chemmater.0c04150	1.51E-05	na
Li4GeSe4	111754	10.1021/acs.chemmater.0c04150	4.87E-06	na
Li4SnS2Se2	111755	10.1021/acs.chemmater.0c04150	3.38E-05	na
Li4SnS3Se	111756	10.1021/acs.chemmater.0c04150	9.33E-07	na
Li4SnS0.9Se3.1	111757	10.1021/acs.chemmater.0c04150	7.43E-05	na
Li4SnSe4	111758	10.1021/acs.chemmater.0c04150	4.79E-08	na
Li4Ge0.18Sn0.82Se4	111759	10.1021/acs.chemmater.0c04150	6.93E-07	na
Li4Ge0.5Sn0.5Se4	111760	10.1021/acs.chemmater.0c04150	1.78E-06	na
Li4Ge0.75Sn0.25Se4	111761	10.1021/acs.chemmater.0c04150	5.48E-06	na
Li4GeO4	112252	10.1021/acs.chemmater.0c04150	2.60E-06	na
Li2(OH)Cl	120969	10.1016/j.jssc.2020.121263	6.77E-09	na
Li2(OH)Br	120970	10.1016/j.jssc.2020.121263	1.33E-07	na
Li3.55(Ge0.416Si0.12V0.464)O4	121102	10.1016/j.jssc.2020.121651	5.80E-05	na
Li9.54Si1.74P1.44S11.4Cl0.3O0.3	121540	10.1021/acs.chemmater.0c02351	0.028	na
Li5.82PS4.7ClBr	121997	10.1021/acs.chemmater.0c04650	0.00502	na
Li5.58PS4.7ClBr0.3	121998	10.1021/acs.chemmater.0c04650	0.0124	na
Li5.64PS4.5ClBr0.5	121999	10.1021/acs.chemmater.0c04650	0.017	na
Li5.52PS4.3ClBr0.7	122000	10.1021/acs.chemmater.0c04650	0.024	na
Li6PS5Br	122370	10.1021/acs.chemmater.1c01170	0.00023	na
Li6PS5CN	122371	10.1021/acs.chemmater.1c01170	6.00E-05	na
Li3InCl6	122395	10.1021/acs.chemmater.1c01348	0.00047	na
Li2.9In0.9Zr0.1Cl6	122396	10.1021/acs.chemmater.1c01348	0.000801	na
Li2.8In0.78Zr0.18Cl6	122397	10.1021/acs.chemmater.1c01348	0.000763	na
Li2.66In0.69Zr0.29Cl6	122398	10.1021/acs.chemmater.1c01348	0.000949	na
Li2.6In0.6Zr0.4Cl6	122399	10.1021/acs.chemmater.1c01348	0.00125	na
Li2.5In0.5Zr0.5Cl6	122400	10.1021/acs.chemmater.1c01348	0.000882	na
LiScP2S6	130090	10.1002/zaac.201800363	4.50E-11	na
LiScP2S6	130091	10.1002/zaac.201800363	1.20E-09	na
Li2.925Sc0.358P2S6	130092	10.1002/zaac.201800363	1.90E-06	na
Li4Ge0.228Sn0.772S4	130194	10.1021/acs.chemmater.9b01059	2.80E-07	na
Li4Ge0.496Sn0.504S4	130195	10.1021/acs.chemmater.9b01059	2.01E-07	na
Li4Ge0.721Sn0.279S4	130196	10.1021/acs.chemmater.9b01059	8.80E-08	na
Li4SnS4	130197	10.1021/acs.chemmater.9b01059	1.43E-06	na
Li4GeS4	130198	10.1021/acs.chemmater.9b01059	1.79E-07	na
Li4Cu8Ge3S12(H2O)	130546	10.1002/anie.201901739	9.00E-05	na
Li10GeP2S12	131108	10.1021/acs.chemmater.9b01550	0.0065	na
Li6PS5Cl	131109	10.1021/acs.chemmater.9b01550	0.0023	na
Li6PS5Br	133005	10.1021/acs.chemmater.9b03852	0.00153	na
Li6PS5Br	133006	10.1021/acs.chemmater.9b03852	0.0018	na
Li6PS5Br	133007	10.1021/acs.chemmater.9b03852	0.00199	na
Li6PS5Br	133008	10.1021/acs.chemmater.9b03852	0.00184	na
Li6PS5Br	133009	10.1021/acs.chemmater.9b03852	0.000983	na
Li6PS5Br	133010	10.1021/acs.chemmater.9b03852	0.00108	na
Li6PS5Br	133011	10.1021/acs.chemmater.9b03852	0.001	na
Li6PS5Br	133012	10.1021/acs.chemmater.9b03852	0.00891	na
Li6PS5Br	133013	10.1021/acs.chemmater.9b03852	0.000521	na
Li6PS5Cl	133976	10.1021/acs.chemmater.0c02418	0.0034	na
Li6.77La3Zr1.95Nb0.05O12	134058	10.1021/acs.inorgchem.0c02161	0.000321	na
Li6.5La3Zr1.5Ta0.5O12	135340	10.1002/celc.201800679	0.00127	na
Li1.9W2O6.95	135737	10.1021/acs.inorgchem.1c00609	3.94E-15	526
Li6.4Ge0.11La3Zr2O12	140546	10.1016/j.ssi.2019.04.021	0.00028	na
Li15P4S16Cl3	141256	10.1021/acs.inorgchem.9b01751	1.00E-07	na
LiIn2SbO6	141482	10.1021/acs.chemmater.0c01491	3.17E-15	623
Li5.77PS5Br	141510	10.1021/acs.chemmater.9b05331	0.00548	na
LiHCB11H5Cl6	141993	10.1021/acs.chemmater.9b04383	4.48E-09	na
LiHCB11H5Br6	141995	10.1021/acs.chemmater.9b04383	6.21E-09	na
La2Li1.62Nb0.17O10Ti2.83	142557	10.1021/acs.inorgchem.0c00962	4.26E-09	na
Li2La1.8Ti2.4Nb0.6O10	142566	10.1021/acs.inorgchem.0c00962	2.92E-09	na
Li6(SiO4)Cl2	143285	10.1021/acs.chemmater.1c00157	1.97E-10	373
Li6B7S13I	143928	10.1021/jacs.1c00941	0.000476	na
Li4.4B10S18Cl1.8	143975	10.1002/anie.202013339	0.00052	na
Li5.6B10S18Br1.7	143976	10.1002/anie.202013339	0.000942	na
Li6.8B10S18I1.6	143977	10.1002/anie.202013339	0.00142	na
Li3.75Ge0.75V0.25O4	150918	10.1023/A:1026135806929	5.66E-06	na
Li3.70Ge0.85W0.15O4	150920	10.1023/A:1026135806929	3.80E-05	na
Li0.31La0.63((Ti0.9Co0.1)O3	151533	10.1016/j.mseb.2004.07.003	0.00026	na
Li0.19La0.67(Ti0.9Co0.1)O3	151535	10.1016/j.mseb.2004.07.003	0.000108	na
La0.65Li0.05(Mg0.5W0.5)O3	151900	10.1016/j.ssi.2004.05.010	1.80E-07	na
La0.63Li0.11(Mg0.5W0.5)O3	151901	10.1016/j.ssi.2004.05.010	6.80E-06	na
La0.62 Li0.14(Mg0.5W0.5)O3	151902	10.1016/j.ssi.2004.05.010	1.20E-05	na
Li0.2Ca0.4TaO3	151936	10.1016/j.solidstatesciences.2004.05.006	3.53E-09	373
Li0.2(Ca0.36Sr0.04)TaO3	151937	10.1016/j.solidstatesciences.2004.05.006	9.20E-09	373
Li5La3Ta2O12	154400	10.1111/j.1151-2916.2003.tb03318.x	1.20E-06	313
Li3BN2	155126	10.1016/0022-4596(87)90135-6	1.56E-10	380
Li7BiO6	155950	10.1021/ic030208w	8.80E-07	323
Li3N	156894	10.1016/0167-2738(83)90045-0	0.0003	na
Li6SrLa2Nb2O12	157628	10.1111/j.1551-2916.2005.00060.x	4.20E-06	na
Li7P3S11	157654	10.1016/j.ssi.2007.05.020	0.0032	na
Li4BN3H10	158180	10.1021/Ja907249p	0.0002	na
Li5La3Bi2O12	158372	10.1016/j.mseb.2007.07.009	4.00E-05	na
Li6La2SrBi2O12	158373	10.1016/j.mseb.2007.07.009	5.20E-05	na
Li5Nd3Sb2O12	159426	10.1016/j.materresbull.2007.04.002	1.30E-07	na
Li3.05Nd3Te1.95Sb0.05O12	159728	10.1021/cm703677q	1.09E-11	373
Li3.1Nd3Te1.9Sb0.1O12 	159729	10.1021/cm703677q	1.98E-09	320
Li3.2Nd3Te1.8Sb0.2O12	159730	10.1021/cm703677q	1.02E-08	673
"	Li3.5Nd3Te1.5Sb0.5O12"	159731	10.1021/cm703677q	9.58E-08	673
Li4Nd3TeSbO12	159732	10.1021/cm703677q	7.63E-09	na
Li4.5Nd3Te0.5Sb1.5O12	159733	10.1021/cm703677q	1.47E-08	673
Li5La3Sb2O12	161342	10.1016/j.materresbull.2007.10.035	8.20E-06	na
Li6SrLa2Sb2O12	161343	10.1016/j.materresbull.2007.10.035	6.60E-06	na
Li6(La2Ca)(NbO6)2	161386	10.1016/j.ssi.2008.01.047	1.33E-06	na
Li6(La2Sr)(NbO6)2	161387	10.1016/j.ssi.2008.01.047	3.69E-06	na
La3Li5O12Sb2	161389	"	10.1016/j.ssi.2008.01.002"	2.38E-07	313
Li1.4(Al0.4Ge0.2Ti1.4)(PO4)3	163298	10.3166/acsm.32.561-572	0.002	na
Li1.6(Al0.6Ge0.2Ti1.2)(PO4)3	163299	10.3166/acsm.32.561-572	2.00E-05	na
Li1.2(Al0.2Ge0.4Ti1.4)(PO4)3	163300	10.3166/acsm.32.561-572	0.0007	na
Li1.4(Al0.4Ge0.4Ti1.2)(PO4)3	163301	10.3166/acsm.32.561-572	0.001	na
Li1.6(Al0.6Ge0.4Ti)(PO4)3	163302	10.3166/acsm.32.561-572	0.0001	na
Li1.2(Al0.2Ge0.6Ti1.2)(PO4)3	163303	10.3166/acsm.32.561-572	0.0007	na
Li1.4(Al0.4Ge0.6Ti)(PO4)3	163304	10.3166/acsm.32.561-572	0.001	na
Li1.6(Al0.6Ge0.6Ti0.8)(PO4)3	163305	10.3166/acsm.32.561-572	0.0004	na
Li6CaLa2Ta2O12	163860	10.1016/j.ssi.2008.10.022	2.20E-06	na
Li6BaLa2Ta2O12	163861	10.1016/j.ssi.2008.10.022	1.30E-05	na
"	La0.5Li0.5O3Ti1"	165472	10.1016/j.ssi.2009.08.002	0.001	na
La0.5Li0.3Na0.2O3Ti1	165481	10.1016/j.ssi.2009.08.002	3.64E-05	na
Li3(NH2)2I	167528	10.1021/cm1006857	1.00E-05	na
Li(Li0.34Ti1.66)O4	168137	10.1016/j.ssi.2010.06.003	6.03E-08	313.6446123
(Li0.916Mg0.084)(Li0.352Mg0.016Ti1.634)O4	168139	10.1016/j.ssi.2010.06.003	1.73E-08	322.9910545
(Li0.826Mg0.174)(Li0.374Mg0.026Ti1.60)O4	168141	10.1016/j.ssi.2010.06.003	4.24E-09	333.3596838
(Li0.74Mg0.26)(Li0.40Mg0.04Ti1.56)O4	168142	10.1016/j.ssi.2010.06.003	1.51E-09	342.9708111
(Li0.61Mg0.39)(Li0.46Mg0.005Ti0.035)Ti1.5O4	168144	10.1016/j.ssi.2010.06.003	6.56E-10	353.2801133
(Li0.55Mg0.45)(Li0.445Mg0.055)Ti1.5O4	168145	10.1016/j.ssi.2010.06.003	1.53E-11	402.7589257
Li2Mg2(MoO4)3	170956	10.1039/B301189E	4.19E-13	473.15
Li5La3Nb2O12	171171	10.1111/j.1151-2916.2003.tb03318.x	1.00E-05	na
Li7La3Hf2O12	174202	10.1016/j.jssc.2009.10.030	9.85E-07	na
Li3PS4	180318	10.1021/ja3110895	2.60E-07	373
Li3PS4	180319	10.1021/ja3110895	8.93E-07	473
Li0.4Na0.1La0.5Nb2O6	180629	10.1134/S002016851103006X	9.92E-06	na
Li0.3Na0.2La0.5Nb2O6	180630	10.1134/S002016851103006X	1.11E-05	na
Li0.2Na0.3La0.5Nb2O6	180631	10.1134/S002016851103006X	1.18E-05	na
Li0.1Na0.4La0.5Nb2O6	180632	10.1134/S002016851103006X	1.21E-05	na
Li0.07Na0.43La0.5Nb2O6	180633	10.1134/S002016851103006X	1.23E-05	na
Li0.04Na0.46La0.5Nb2O6	180634	10.1134/S002016851103006X	5.91E-06	na
Li0.02Na0.48La0.5Nb2O6	180635	10.1134/S002016851103006X	3.99E-06	na
Li(Ti1.4Sn0.6)(PO4)3	183672	10.1016/j.physb.2011.11.006	2.28E-05	na
Li(Ti0.6Sn1.4)(PO4)3	183676	10.1016/j.physb.2011.11.006	9.42E-06	na
Li(Ti0.4Sn1.6)(PO4)3	183677	10.1016/j.physb.2011.11.006	3.15E-06	na
Li7La3Zr2O12	183684	10.1016/j.jssc.2009.05.020	1.63E-06	na
Li6.5La3Zr1.5Ta0.5O12	183686	10.1149/2.024205esl	0.00067	na
Li6.75La3Zr1.75Ta0.25O12	183873	10.1016/j.jpowsour.2012.01.131	0.00087	na
LiV(PO4)F	183876	10.1016/j.ssi.2013.04.002	8.10E-07	na
"	Li0.9Nb0.2O12P3Ti1.8"	184087	10.1016/j.ssi.2012.01.035	3.20E-08	na
Li7La3Zr2O12	184230	10.1016/j.materresbull.2012.01.027	2.85E-06	na
LiLa(PO3)4	184917	10.1016/j.physb.2012.03.077	6.25E-15	553
LiCe(BH4)3Cl	185218	10.1021/cm300792t	0.000103	na
Li6.06Al0.2La3Zr2O12	185539	10.1039/C1CP22108F	0.0004	na
Li6BaLa2Ta2O12	185602	10.1016/j.materresbull.2012.04.032	2.45E-05	na
(Li0.5Ce0.5)(MoO4)	186450	10.1007/s12039-011-0068-5	1.30E-08	na
(Li0.5Ce0.25Pr0.25)(MoO4)	186451	10.1007/s12039-011-0068-5	1.00E-09	na
(Li0.5Ce0.25Sm0.25)(MoO4)	186452	10.1007/s12039-011-0068-5	1.80E-10	na
Li2(PO2N)	188493	10.1016/j.ssi.2012.12.013	3.29E-08	353
Li(Li0.134Mn0.470Ni0.257Co0.138)O2	188649	10.1039/C3TA11040K	3.67E-07	na
Li(Li0.137Mn0.473Ni0.252Co0.137)O2	188650	10.1039/C3TA11040K	3.31E-06	na
Li(Li0.149Mn0.467Ni0.246Co0.137)O2	188651	10.1039/C3TA11040K	4.88E-06	na
Li(Li0.136Mn0.467Ni0.258Co0.139)O2	188652	10.1039/C3TA11040K	7.13E-07	na
Li10GePS12	188887	10.1039/C4TA05231E	0.0121	na
Nd3Zr2Al0.5Li5.5O12	189530	10.1039/C3TA13252H	3.90E-05	na
LiZr2(AsO4)3	190654	10.1134/S0020168514030091	1.12E-09	353
(La0.49Li0.461Sr0.049)(TiO3)	190825	10.1016/j.ceramint.2013.05.083	0.000709	na
(La0.46Li0.429Sr0.111)(TiO3)	190826	10.1016/j.ceramint.2013.05.083	0.000197	na
(La0.402Li0.368Sr0.230)(TiO3)	190827	10.1016/j.ceramint.2013.05.083	2.87E-05	na
Li0.25La0.25Sr0.5TiO3	190830	10.1016/j.ceramint.2013.05.083	1.56E-21	882
Li6.46Al0.081La3Zr2O12	191542	10.1016/j.ssi.2014.01.043	0.00049	na
Li1.15Y0.15Zr1.85(PO4)3	191891	10.1016/j.jpowsour.2013.03.175	0.00014	na
Li2(B3PO8)	192496	10.1039/C4DT01670J	5.17E-15	618
Li2(B3PO8)	193168	10.1016/j.ssi.2014.10.009	0.00052	na
Li10SnP2S12	193755	10.1021/ja407393y	0.007	na
Li4SnSe4	193768	10.1021/cm400541n	2.00E-05	na
Li10.35Ge1.35P1.65S12	193947	10.1039/C4TA05231E	0.0144	na
(Li6.26Al0.24)La3Zr2O12	195182	10.1016/j.ssi.2015.04.011	0.00031	na
CsLi5Mn(P2O7)2	196431	10.1039/C5DT04427H	3.37E-13	423
Li3(Li1.5Cr0.5Te)O6	196465	10.1016/j.materresbull.2015.12.011	2.13E-10	373
Li3(Li1.5Mn0.5Te)O6	196466	10.1016/j.materresbull.2015.12.011	9.89E-13	373
Li3(Li1.5Al0.5Te)O6	196467	10.1016/j.materresbull.2015.12.011	4.60E-13	373
Li2(OH)Br	200874	10.1002/ange.201604554	1.20E-06	na
LiBO2	200891	10.1140/epjst/e2008-00753-4	2.07E-13	509
(K0.1Li0.9)(SbO3)	200984	10.1016/0167-2738(81)90178-8	1.36E-08	na
LiZr2(PO4)3	201935	10.1016/0025-5408(86)90194-7	1.15E-10	337
Li6CoCl8	202401	10.1002/zaac.19875531020	4.60E-09	373
Li2CrCl4	202627	10.1016/0022-4596(88)90301-5	5.66E-13	385
Li6PS5Br	234584	10.1039/C7TA08581H	0.000701	na
Li6.025P0.975Si0.025S5Br	234585	10.1039/C7TA08581H	0.000878	na
Li6.05P0.95Si0.05S5Br	234586	10.1039/C7TA08581H	0.000437	na
Li6.075P0.925Si0.075S5Br	234587	10.1039/C7TA08581H	0.000873	na
Li6.1P0.95Si0.1S5Br	234588	10.1039/C7TA08581H	0.000799	na
Li6.125P0.875Si0.125S5Br	234589	10.1039/C7TA08581H	0.000902	na
Li6.175P0.825Si0.175S5Br	234591	10.1039/C7TA08581H	0.000931	na
Li6.2P0.8Si0.2S5Br	234592	10.1039/C7TA08581H	0.00169	na
Li6.225P0.775Si0.225S5Br	234593	10.1039/C7TA08581H	0.00108	na
Li6.25P0.75Si0.25S5Br	234594	10.1039/C7TA08581H	0.00141	na
Li6.3P0.7Si0.3S5Br	234595	10.1039/C7TA08581H	0.00165	na
Li6.35P0.65Si0.35S5Br	234596	10.1039/C7TA08581H	0.00234	na
Li6.5P0.5Si0.5S5Br	234597	10.1039/C7TA08581H	0.00219	na
Li8GeP4	235184	10.1021/acs.chemmater.8b02759	1.80E-05	na
?-Li8GeP4	235185	10.1021/acs.chemmater.8b02759	8.60E-05	na
Li8SiP4	235186	10.1021/acs.chemmater.8b02759	4.50E-05	na
Li4.4Al0.4Ge0.6S4	235201	10.1021/acs.chemmater.8b03175	4.33E-05	na
Li4.4Al0.4Sn0.6S4	235207	10.1021/acs.chemmater.8b03175	4.39E-06	na
Fe2Na2K(Li3Si12O30)	235750	10.1016/j.jssc.2018.05.008	1.91E-19	723
LiSrNb2O6F	236009	10.2497/jjspm.65.26	2.62E-11	473
LiSrTa2O6F	236010	10.2497/jjspm.65.26	2.72E-11	473
LiSr0.9Nb2O6F0.8	236011	10.2497/jjspm.65.26	2.80E-11	473
LiSr0.9Ta2O6F0.8	236012	10.2497/jjspm.65.26	1.03E-11	473
Li1.1SrNb1.9Zr0.1O6F	236013	10.2497/jjspm.65.26	9.67E-11	473
Li1.1SrTa1.9Zr0.1O6F	236014	10.2497/jjspm.65.26	1.65E-11	473
Li6La3Nb1.5Y0.5O12	237141	10.1021/jp304737x	0.000188	na
Li5.2La3Nb1.9Y0.1O12	237143	10.1021/jp304737x	1.81E-05	na
Li5.4La3Nb1.8Y0.2O12	237144	10.1021/jp304737x	2.92E-05	na
Li5.5La3Nb1.75Y0.25O12	237145	10.1021/jp304737x	7.20E-05	na
Li6.5La3Nb1.25Y0.75O12	237146	10.1021/jp304737x	0.00027	na
Li6Ba0.5Sr0.5La2Ta2O12	237199	10.1021/am4060194	7.10E-06	na
Li6SrLa2Ta2O12	237200	10.1021/am4060194	5.40E-06	na
Li6BaLa2Ta2O12	237201	10.1021/am4060194	1.50E-05	na
Li6CaLa2Ta2O12	237202	10.1021/am4060194	2.20E-06	na
Li6.5O8P1.5Si0.5	238600	10.1021/jacs.5b04444	4.49E-07	323
Li6.6SiPO8	238601	10.1021/jacs.5b04444	1.48E-07	323
Li7.22Si1.5P0.5O8	238602	10.1021/jacs.5b04444	1.64E-07	323
Li4SiO4	238603	10.1016/0022-4596(84)90114-2	5.00E-10	na
LiClC3H7NO	238683	10.1021/acs.chemmater.5b00940	0.00016	na
Li7La3Zr2O12	238687	10.1016/j.ssi.2013.09.008	9.90E-06	na
Li6.5La3Zr1.75Mo0.25O12	239128	10.1021/acs.inorgchem.5b01895	0.000333	na
Ba3LiTa5ZrSi4O26	239277	10.1016/j.ssi.2015.08.011	5.83E-13	500
LaLiO2	239278	10.1016/j.ssi.2015.09.001	6.61E-13	424
(La0.9Sr0.1)LiO2	239279	10.1016/j.ssi.2015.09.001	6.29E-10	424
La(Li0.76Mg0.08)O2	239280	10.1016/j.ssi.2015.09.001	7.27E-10	424
Li3VO4	239303	10.1039/C5TA07823G	4.37E-18	636
Li3.2V(O3.76N0.24)	239304	10.1039/C5TA07823G	4.52E-13	604
Li5.74La3Zr1.5Ta0.5O12	239663	10.1002/aenm.201500096	0.000903	na
La3Li5.08Ta1.51Zr0.39O12	239664	10.1002/aenm.201500096	0.000103	na
LiY(BH4)4	239762	10.1039/C6TA02761J	1.26E-06	na
Li(BH4)	239763	10.1039/C6TA02761J	1.00E-08	na
Li2.5V2(PO4)3	240269	10.1021/cm034802f	1.90E-07	na
H2Ca1Li2N2	240676	10.1039/c2cp23636b	6.40E-06	na
Li9NS3	240749	10.1039/C5TA05432J	8.30E-07	na
Li51.2Al1.6La24Zr16O96	241475	10.1038/srep18053	0.000254	na
Li49.6Al1.6La24Zr14.4Ta1.6O96	241476	10.1038/srep18053	0.000614	na
Li2VO(SO4)2	241829	10.1021/acs.chemmater.6b02759	4.20E-10	na
Li4P2S6	242170	10.1016/j.ssi.2015.10.015	2.38E-07	na
Li2Mg2P3O9N	243915	10.1021/jacs.7b02323	9.00E-07	na
"	Li3Cr(MoO4)3"	247057	10.1039/B301189e	9.59E-15	477
Li3BP2O8	248343	10.1016/j.jssc.2014.11.024	9.60E-12	na
Li4P2O7	248414	10.1016/j.jssc.2013.12.015	1.80E-20	769
Li8Co2Te2O12	248836	10.1021/ic301125n	1.66E-06	na
Li2SnS3	251656	10.1021/cm5037524	1.50E-05	na
Li10.35Si1.35P1.65S12	252037	10.1107/S2052520615022283	0.0065	na
Li9.81Sn0.81P2.19S12	252040	10.1107/S2052520615022283	0.0055	na
Li2P2S6	253894	10.1021/acs.inorgchem.7b00751	7.80E-11	na
La0.5Li0.5O3Ti1	254044	10.1016/j.jallcom.2017.05.278	0.000626	na
(La0.55Li0.45)(Ti0.9Al0.1)O3	254045	10.1016/j.jallcom.2017.05.278	0.001471176	na
(La0.6Li0.4)(Ti0.8Al0.2)O3	254046	10.1016/j.jallcom.2017.05.278	0.000552732	na
(La0.65Li0.35)(Ti0.7Al0.3)O3	254047	10.1016/j.jallcom.2017.05.278	0.000157618	na
(La0.7Li0.3)(Ti0.6Al0.4)O3	254048	10.1016/j.jallcom.2017.05.278	1.00E-07	na
LiGa2GeS6	254406	10.1016/j.ssi.2014.04.015	3.80E-08	na
Li4Zn(PO4)2	255464	10.1021/acs.chemmater.7b05139	5.44E-18	473
Li4Zn(PO4)2	255465	10.1021/acs.chemmater.7b05139	1.19E-14	473
Li3.7Zn0.7Ga0.3(PO4)2	255466	10.1021/acs.chemmater.7b05139	1.02E-11	398
Li3.5Zn0.5Ga0.5(PO4)2	255468	10.1021/acs.chemmater.7b05139	3.02E-12	398
Li10(Ge0.416Sn0.584)P2S12	255747	10.1021/acs.chemmater.8b00266	0.0048	na
Li10(Ge0.776Sn0.224)P2S12	255748	10.1021/acs.chemmater.8b00266	0.0064	na
Li10GeP2S12	255749	10.1021/acs.chemmater.8b00266	0.0076	na
Li10SnP2S12	255750	10.1021/acs.chemmater.8b00266	0.0038	na
Li1.3Al0.3Ti1.7(PO4)3	257190	10.1016/j.ssi.2012.03.045	0.0051	na
Li3AlN2	257464	10.1016/0167-2738(85)90106-7	5.00E-08	na
LiGaGeO4	257739	10.1149/2.1111610jes	9.62E-18	673
LiGa0.5Al0.5GeO4	257740	10.1149/2.1111610jes	1.30E-17	673
LiAlGeO4	257741	10.1149/2.1111610jes	2.22E-16	673
LiScO2	257819	10.2320/matertrans.Y-M2016816	1.36E-17	573
Li0.9Sc0.9Zr0.1O2	257820	10.2320/matertrans.Y-M2016816	3.92E-14	573
Li10.35(Sn0.27Si1.08)P1.65S12	257946	10.1021/acs.chemmater.7b00886	0.011	na
Li10.5(Sn0.2Si0.8)1.5P1.5S12	257947	10.1021/acs.chemmater.7b00886	0.00293	na
Li10.2(Sn0.2Si0.8)1.2P1.8S12	257948	10.1021/acs.chemmater.7b00886	0.00269	na
Li7Ge3PS12	258187	10.1016/j.jssc.2016.12.001	0.00011	na
Li6.5La3Hf1.5Ta0.5O12	258921	10.2109/jcersj2.16273	0.0004	na
Li6.5La3Sn1.5Ta0.5O12	258922	10.2109/jcersj2.16273	0.00019	na
Li5La3Ta2O12	259001	10.1039/C6DT04021G	1.65E-05	na
Li5.3La3Ta1.85Gd0.15O12	259002	10.1039/C6DT04021G	4.86E-06	na
Li5.5La3Ta1.75Gd0.25O12	259003	10.1039/C6DT04021G	6.50E-05	na
Li5.7La3Ta1.65Gd0.35O12	259004	10.1039/C6DT04021G	8.18E-05	na
Li5.9La3Ta1.55Gd0.45O12	259005	10.1039/C6DT04021G	4.32E-06	na
Li6.10La3Ta1.45Gd0.55O12	259006	10.1039/C6DT04021G	8.56E-07	na
Li5La3Ta2O12	259164	10.1021/acs.inorgchem.7b00816	1.59E-05	na
Li5.3La3Ta1.85Sm0.15O12	259165	10.1021/acs.inorgchem.7b00816	7.11E-06	na
Li5.5La3Ta1.75Sm0.25O12	259166	10.1021/acs.inorgchem.7b00816	5.17E-06	na
Li5.70La3Ta1.65Sm0.35O12	259167	10.1021/acs.inorgchem.7b00816	2.15E-05	na
Li5.90La3Ta1.55Sm0.45O12	259168	10.1021/acs.inorgchem.7b00816	1.18E-05	na
Li6.10La3Ta1.45Sm0.55O12	259169	10.1021/acs.inorgchem.7b00816	1.40E-05	na
Li5(BH4)3(NH)	259199	10.1021/acs.jpcc.7b00821	1.04E-07	na
Li6PS5Cl	259200	10.1021/jacs.7b06327	0.00205	na
Li6PS5Cl0.5Br0.5	259201	10.1021/jacs.7b06327	0.00333	na
Li6PS5Br	259202	10.1021/jacs.7b06327	0.00115	na
Li6PS5Br0.5I0.5	259203	10.1021/jacs.7b06327	2.62E-05	na
Li6PS5I	259204	10.1021/jacs.7b06327	1.30E-06	na
Li6PS5Cl0.75Br0.25	259206	10.1021/jacs.7b06327	0.00226	na
Li6PS5Br	259208	10.1002/zaac.201100158	2.41E-05	na
Li6PS5Br0.75I0.25	259209	10.1021/jacs.7b06327	0.000112	na
Li6PS5Br0.25I0.75	259211	10.1021/jacs.7b06327	4.72E-06	na
LiZnSO4F	261343	10.1002/anie.201006331	2.80E-05	na
LiMn2TeO6	262046	10.1016/j.solidstatesciences.2011.08.019	2.00E-07	na
LiSbO2	262075	10.1021/ic201183e	5.66E-14	410
Li14Ce5(Si11N19O5)O2F2	262922	10.1021/ja302255d	1.70E-10	433
Li14Nd5(Si11N19O5)O2F2	262923	10.1021/ja302255d	1.70E-10	433
Li1.2Al0.2Ge1.8(PO4)3	263760	10.1021/acsami.8b00842	4.83E-05	na
Li1.4Al0.4Ge1.6(PO4)3	263762	10.1021/acsami.8b00842	0.000188	na
Li1.5Al0.5Ge1.5(PO4)3	263763	10.1021/acsami.8b00842	0.000336	na
Li1.5Al0.5Ge1.5(PO4)3	263764	10.1246/bcsj.65.2200	0.000286	na
Li1.7Al0.7Ge1.3(PO4)3	263765	10.1021/acsami.8b00842	0.000264	na
Li1.8Al0.8Ge1.2(PO4)3	263766	10.1021/acsami.8b00842	0.000137	na
LiGe2(PO4)3	263767	10.1149/1.2220723	3.33E-07	na
Li1.69Zn0.66PS4	264462	10.1021/acs.chemmater.7b05108	0.00013	na
Li1.19Zn0.9PS4	264463	10.1021/acs.chemmater.7b05108	1.65E-05	na
Hf2La3(Li6.74Al0.08)O12	264522	10.1016/j.jpowsour.2018.04.066	8.00E-05	na
Li6B0.9PH3.6S4.9	264526	10.1021/acsomega.8b00377	0.0018	na
Li6PS5Br	267193	10.1021/acs.inorgchem.8b02443	0.00277	na
Li6P(S4.9Se0.1)Br	267194	10.1021/acs.inorgchem.8b02443	0.0032	na
Li6P(S4.8Se0.2)Br	267195	10.1021/acs.inorgchem.8b02443	0.00392	na
Li6P(S4.7Se0.3)Br	267196	10.1021/acs.inorgchem.8b02443	0.00362	na
Li6P(S4.6Se0.4)Br	267197	10.1021/acs.inorgchem.8b02443	0.00364	na
Li6P(S4.5Se0.5)Br	267198	10.1021/acs.inorgchem.8b02443	0.00268	na
Li6P(S4.4Se0.6)Br	267199	10.1021/acs.inorgchem.8b02443	0.00278	na
Li6P(S4.3Se0.7)Br	267200	10.1021/acs.inorgchem.8b02443	0.00301	na
Li6P(S4.2Se0.8)Br	267201	10.1021/acs.inorgchem.8b02443	0.00348	na
Li6P(S4.1Se0.9)Br	267202	10.1021/acs.inorgchem.8b02443	0.00382	na
Li6P(S4Se)Br	267203	10.1021/acs.inorgchem.8b02443	0.00361	na
LiTa2PO8	267438	10.1039/C8TA09170F	0.0016	na
LiBaP2O7	280927	10.1007/s11581-014-1261-6	2.03E-12	589
LiMgSO4F	281119	10.1021/jp304767d	5.40E-08	na
LiCl*H2O	281198	10.1002/cphc.200390060	1.00E-08	na
Li4GeS4	290831	10.1016/j.ssi.2004.02.025	2.00E-07	na
Li4SnS4	290832	10.1021/cm3011315	7.00E-05	na
Li3(SO3)N	290979	10.1016/j.solidstatesciences.2013.08.004	1.00E-14	476
LiLa9Si6O26	291218	10.1016/0167-2738(95)00240-5	1.45E-12	531
LiEu9Si6O26	291220	10.1016/0167-2738(95)00240-5	9.70E-14	531
Li2NaBP2O8	291512	10.1016/j.jssc.2014.11.024	4.40E-18	573
(Li0.16Sr0.69)(Ga0.25Ta0.75)O3	291520	10.1016/j.jssc.2015.01.007	3.69E-06	na
Li3Na5(TiS4)2	391258	10.1016/j.jssc.2008.01.023	8.80E-06	na
Li2ZnI4	402062	10.1016/j.ssi.2007.10.018	4.00E-08	na
Li10.34Si1.35P1.65S9.68O2.3	403573	10.1021/acs.chemmater.9b00505	0.00313	na
Li13.73Si1.35P1.65S10.46O1.54	403574	10.1021/acs.chemmater.9b00505	0.00269	na
Li6PS5I	403591	10.1021/acs.chemmater.9b01857	1.71E-06	na
Li6.22P0.8Si0.2S5I	403592	10.1021/acs.chemmater.9b01857	7.79E-06	na
Li3(Mo8S8O8(OH)8(HWO5(H2O)))*(H2O)18	412011	10.1002/1521-3765(20020118)8:2<349::AID-CHEM349>3.0.CO;2-5	3.80E-07	na
Li7SbO6	413370	10.1021/ic030208w	6.70E-08	na
LiI	414244	10.1149/1.2403248	1.00E-07	na
Li2TeSe3	415121	10.1002/zaac.200500007	1.82E-10	383
LiGd(PO3)4	416442	10.1016/j.jssc.2006.06.003	3.99E-25	682
Li6PS5I	418489	10.1002/zaac.201100158	4.10E-07	na
Li2SiN2	420126	10.1016/0167-2738(87)90119-6	6.99E-06	na
LiB6O9F	420286	10.1002/zaac.200900056	3.98E-23	539
Li7PS6	421130	10.1021/acsami.8b19181	0.00011	na
Li6PO5Cl	421479	10.1002/zaac.201000121	5.54E-10	na
Li7La3Zr2O12	422259	10.1016/j.ssi.2010.12.010	0.000569	na
Li3SbS3	424834	10.1016/0167-2738(83)90222-9	1.00E-07	na
Li9Mg3(PO4)4F3	426103	10.1039/C3TA15264B	3.39E-11	373
Li1.2Al0.2Ti1.8(PO4)3	427619	10.1016/j.jeurceramsoc.2014.11.023	0.00338	na
LiFe(PO4)F	428404	10.1016/j.electacta.2012.08.073	6.00E-08	na
Li17Sb13S28	429902	doi.org/10.1002/chem.201502052	1.05E-09	na
Li6.16Al0.07Ga0.15La2.94Zr2O12	430574	10.1021/acs.chemmater.6b00579	0.00106	na
Li6.85Al0.11Ga0.08La2.94Zr2O12	430575	10.1021/acs.chemmater.6b00579	0.00063	na
Li5.55Al0.19Ga0.05La2.88Zr2O12	430576	10.1021/acs.chemmater.6b00579	0.00038	na
Li2Ti3O7	431128	10.1016/0038-1098(79)90780-4	7.44E-07	na
Li2Sr2Al(PO4)3	431319	10.1016/j.jssc.2016.08.006	1.36E-13	500
Fe0.16La2.95Li5.68Zr2O12	431391	10.1021/acs.chemmater.6b02516	0.000935	na
Fe0.19La2.95Li5.57Zr2O12	431392	10.1021/acs.chemmater.6b02516	0.00138	na
Li4.117PS4I	432169	10.1021/acs.chemmater.7b00013	0.00012	na
Li3CoTeO6	433117	10.1039/C7DT02663C	5.83E-16	523
Li5AlS4	433369	10.1016/j.jssc.2017.09.018	1.23E-09	323
Li3P	642223	10.1016/0167-2738(89)90438-4	0.000703	na
Li3BN2	655673	10.1016/0022-4596(87)90135-6	1.60E-10	400
