ID,化学式,电导率（S/cm）,制备方式,family
exp_001,Li5.7PS4.7Cl1.3,0.0081,unknow,argyrodites
exp_002,Li5.5PS4.5Cl1.5,0.010116,unknow,argyrodites
exp_003,Li5.4PS4.4Cl1.6,0.007137,unknow,argyrodites
exp_004,Li5.3PS4.3Cl1.7,0.007295,unknow,argyrodites
exp_005,Li5.5PS4.5Cl1.45I0.05,0.013723,unknow,argyrodites
exp_006,Li5.5PS4.5Cl1.4I0.1,0.010312,unknow,argyrodites
exp_007,Li5.5PS4.5Cl1.35I0.15,0.010565,unknow,argyrodites
exp_008,Li5.5PS4.5Cl1.3I0.2,0.00823,unknow,argyrodites
exp_009,Li5.5PS4.5Cl1.25I0.25,0.001604,unknow,argyrodites
exp_010,Li5.4PS4.4ClBr0.6,0.01348,unknow,argyrodites
exp_044,Li3AsS4,9.1e-05,unknow,thio_lisicon
exp_017,Li5.5AsS4.5Br1.5,0.01753,unknow,argyrodites
exp_018,Li5.5AsS4.3O0.2Br1.5,0.01309,unknow,argyrodites
exp_019,Li5.5AsS4.1O0.4Br1.5,0.01118,unknow,argyrodites
exp_020,Li5.5AsS3.8O0.7Br1.5,0.00875,unknow,argyrodites
exp_021,Li5.5AsS2.5O2Br1.5,0.0002817,unknow,argyrodites
exp_022,Li5.5As0.9Sb0.1S4.5Br1.5,0.01685,unknow,argyrodites
exp_023,Li5.5As0.9Sb0.2S4.5Br1.5,0.00906,unknow,argyrodites
exp_024,Li5.5As0.9Sb0.1S4.3O0.2Br1.5,0.01255,unknow,argyrodites
exp_029,Li6.65As0.35Si0.65S5I,0.006347,unknow,argyrodites
exp_030,Li6.7As0.3Si0.7S5I,0.010615,unknow,argyrodites
exp_031,Li6.75As0.25Si0.75S5I,0.004784,unknow,argyrodites
exp_032,Li6.8As0.2Si0.8S5I,0.005813,unknow,argyrodites
exp_033,Li6.6Sb0.4Si0.6S5I,0.008844,unknow,argyrodites
exp_034,Li6.65Sb0.35Si0.65S5I,0.010755,unknow,argyrodites
exp_035,Li6.7Sb0.3Si0.7S5I,0.014409,unknow,argyrodites
exp_036,Li6.75Sb0.25Si0.75S5I,0.006307,unknow,argyrodites
exp_037,Li6.8Sb0.2Si0.8S5I,0.000927,unknow,argyrodites
exp_038,Li6.9Sb0.3Si0.7S5.2I0.8,0.010075,unknow,argyrodites
exp_039,Li6.8Sb0.3Si0.7S5.1I0.9,0.008795,unknow,argyrodites
exp_040,Li6.7Sb0.3Si0.7S5I,0.014409,unknow,argyrodites
exp_041,Li6.6Sb0.3Si0.7S4.9I1.1,0.001267,unknow,argyrodites
exp_042,Li6.5Sb0.3Si0.7S4.8I1.2,0.00535,unknow,argyrodites
exp_043,Li3.875Sn0.875As0.125S4,0.00054,unknow,thio_lisicon
exp_011,Li5.4PS4.3O0.1ClBr0.6,0.01149,unknow,argyrodites
exp_012,Li5.4PS4.2O0.2ClBr0.6,0.01245,unknow,argyrodites
exp_013,Li5.4PS4O0.4ClBr0.6,0.0127,unknow,argyrodites
exp_014,Li5.4PS3.6O0.8ClBr0.6,0.00943,unknow,argyrodites
exp_015,Li5.4PS3.2O1.2ClBr0.6,0.00522,unknow,argyrodites
exp_016,Li5.4PS2.5O1.9ClBr0.6,0.00123,unknow,argyrodites
exp_025,Li5.4PS4O0.4Cl0.95F0.05Br0.6,0.01322,unknow,argyrodites
exp_026,Li5.4PS4O0.4Cl0.9F0.1Br0.6,0.01309,unknow,argyrodites
exp_027,Li5.4PS4O0.4Cl0.85F0.15Br0.6,0.01001,unknow,argyrodites
exp_028,Li5.4PS4O0.4Cl0.8F0.2Br0.6,0.00509,unknow,argyrodites
exp_045,Li5.4PS4.4ClBr0.6,0.01348,unknow,argyrodites
exp_046,Li5.4P0.9Sn0.1S4.4ClBr0.6,0.01346,unknow,argyrodites
exp_047,Li5.4P0.8Sn0.2S4.4ClBr0.6,0.00909,unknow,argyrodites
exp_048,Li5.4P0.6Sn0.4S4.4ClBr0.6,0.00332,unknow,argyrodites
exp_049,Li5.4P0.9Sn0.1S4.2O0.2ClBr0.6,0.01077,unknow,argyrodites
exp_050,Li5.4P0.8Sn0.2S4O0.4ClBr0.6,0.00591,unknow,argyrodites
exp_051,Li5.4P0.9Si0.1S4.2O0.2ClBr0.6,0.01033,unknow,argyrodites
exp_052,Li5.4P0.8Si0.2S4O0.4ClBr0.6,0.00531,unknow,argyrodites
exp_053,Li10SnP2S12,0.00619,unknow,lgps
exp_054,Li9.9SnP2S11.8Cl0.1O0.1,0.00486,unknow,lgps
exp_055,Li10SnP1.8Sb0.2S11.8O0.2,0.004,unknow,lgps
exp_056,Li10SnP1.8Sb0.3S11.8O0.4,0.0016,unknow,lgps
exp_057,Li10SiP2S12,0.00151,unknow,lgps
exp_058,Li10Si0.3Sn0.7P2S12,0.00642,unknow,lgps
exp_059,Li10SnP2S11.8O0.2,0.00452,unknow,lgps
exp_060,Li10SiP2S11.8O0.2,0.00124,unknow,lgps
exp_061,Li10Si0.3Sn0.7P2S11.8O0.2,0.00495,unknow,lgps
exp_062,Li6.7Si0.7Sb0.3S4.8Se0.2I,0.016357,unknow,argyrodites
exp_063,Li6.7Si0.7Sb0.3S4.9O0.1I,0.014154,unknow,argyrodites
exp_064,Li6.7Si0.7Sb0.3S4.8O0.2I,0.012508,unknow,argyrodites
exp_065,Li6.7Si0.7Sb0.3S4.7O0.3I,0.011847,unknow,argyrodites
exp_066,Li6.7Si0.7Sb0.3S4.6O0.4I,0.010453,unknow,argyrodites
exp_067,Li6.7Si0.7Sb0.3S4.5O0.5I,0.009145,unknow,argyrodites
exp_068,Li6.7Si0.7Sb0.25As0.05S4.8O0.2I,0.012117,unknow,argyrodites
exp_069,Li6.7Si0.7Sb0.2As0.1S4.8O0.2I,0.013872,unknow,argyrodites
exp_070,Li6.7Si0.7Sb0.15As0.15S4.8O0.2I,0.012704,unknow,argyrodites
exp_071,Li6.7Si0.7Sb0.3S4.6Se0.2O0.2I,0.01329,unknow,argyrodites
exp_072,Li6.7Si0.7Sb0.3S4.4Se0.3O0.3I,0.012074,unknow,argyrodites
exp_073,Li2.8Zr0.75Al0.25O1.4Cl3.75,0.001642,unknow,halides
exp_074,Li2ZrP0.6667O2.6667Cl4,0.002056,unknow,halides
exp_075,LiZrS0.5O2Cl4,0.001374,unknow,halides
exp_076,Li1.2FeO1.2H1.2Cl3,0.001062,unknow,halides
exp_077,Li2ZrCl6,0.000411,unknow,halides
exp_078,Li3Zr0.75OCl4,0.001005,unknow,halides
exp_079,Li1.75ZrCl4.75O0.5,0.001008,unknow,halides
exp_080,Li5.43P0.97Zr0.03S4.34O0.06ClBr0.6,0.01186,unknow,argyrodites
exp_081,Li5.45P0.95Zr0.05S4.3O0.1ClBr0.6,0.01091,unknow,argyrodites
exp_082,Li5.47P0.93Zr0.07S4.26O0.14ClBr0.6,0.00873,unknow,argyrodites
exp_083,Li5.5P0.9Zr0.1S4.2O0.2ClBr0.6,0.00859,unknow,argyrodites
exp_084,Li5.6P0.85Zr0.2S4O0.4ClBr0.6,0.00273,unknow,argyrodites
exp_085,Li5.7P0.7Zr0.3S3.8O0.6ClBr0.6,0.00066,unknow,argyrodites
exp_086,Li3.45Sn0.09Si0.36P0.55S3.65O0.35,0.0054,unknow,thio_lisicon
exp_087,Li9.54Si1.566Sn0.174P1.44S11.1Br0.3O0.6,0.0099,unknow,lgps
exp_088,Li9.54Si1.566Sn0.174P1.34Sb0.1S11.1Br0.3O0.6,0.00922,unknow,lgps
exp_089,Li9.54Si1.566Sn0.174P1.34Sb0.2S11.1Br0.3O0.6,0.00999,unknow,lgps
exp_090,Li9.54Si1.566Sn0.174P1.34Sb0.3S11.1Br0.3O0.6,0.00813,unknow,lgps
exp_091,Li9.54Si1.566Sn0.174P1.34As0.1S11.1Br0.3O0.6,0.01236,unknow,lgps
exp_092,Li9.54Si1.566Sn0.174P1.34As0.2S11.1Br0.3O0.6,0.01357,unknow,lgps
exp_093,Li9.54Si1.566Sn0.174P1.34As0.3S11.1Br0.3O0.6,0.01055,unknow,lgps
exp_094,Li9.54Si1.74P1.44S11.7Br0.3,0.0058,unknow,lgps
exp_095,Li9.54Si1.74P1.44S11.4Br0.3O0.3,0.0088,unknow,lgps
exp_096,Li9.54Si1.74P1.44S11.1Br0.3O0.6,0.0109,unknow,lgps
exp_097,Li9.54Si1.74P1.44S10.8Br0.3O0.9,0.0067,unknow,lgps
exp_098,Li9.54(Si0.9Ge0.1)1.74P1.44S11.1Br0.3O0.6,0.0123,unknow,lgps
exp_099,Li9.54(Si0.8Ge0.2)1.74P1.44S11.1Br0.3O0.6,0.0113,unknow,lgps
exp_100,Li9.54(Si0.7Ge0.3)1.74P1.44S11.1Br0.3O0.6,0.0135,unknow,lgps
exp_101,Li9.54(Si0.6Ge0.4)1.74P1.44S11.1Br0.3O0.6,0.0136,unknow,lgps
exp_102,Li9.54(Si0.5Ge0.5)1.74P1.44S11.1Br0.3O0.6,0.0138,unknow,lgps
exp_103,Li9.54(Si0.4Ge0.6)1.74P1.44S11.1Br0.3O0.6,0.0127,unknow,lgps
exp_104,Li9.54(Si0.3Ge0.7)1.74P1.44S11.1Br0.3O0.6,0.0111,unknow,lgps
exp_105,Li9.54(Si0.2Ge0.8)1.74P1.44S11.1Br0.3O0.6,0.0079,unknow,lgps
exp_106,Li9.54(Si0.1Ge0.9)1.74P1.44S11.1Br0.3O0.6,0.0054,unknow,lgps
exp_107,Li9.54Ge1.74P1.44S11.1Br0.3O0.6,0.0041,unknow,lgps
exp_108,Li9.54(Si0.9Sn0.1)1.74P1.44S11.1Br0.3O0.6,0.0115,unknow,lgps
exp_109,Li9.54(Si0.8Sn0.2)1.74P1.44S11.1Br0.3O0.6,0.0088,unknow,lgps
exp_110,Li9.54(Si0.7Sn0.3)1.74P1.44S11.1Br0.3O0.6,0.0077,unknow,lgps
exp_111,Li9.54(Si0.6Sn0.4)1.74P1.44S11.1Br0.3O0.6,0.0067,unknow,lgps
exp_112,Li9.54(Si0.5Sn0.5)1.74P1.44S11.1Br0.3O0.6,0.0049,unknow,lgps
exp_113,Li9.54(Si0.4Sn0.6)1.74P1.44S11.1Br0.3O0.6,0.0045,unknow,lgps
hal_001,Li4ZrCl4O2,0.0015,球磨,halides
hal_002,Li2.25Zr0.75In0.25Cl6,0.00037,球磨,halides
hal_003,Li2.4Zr0.8Zn0.2Cl6,0.0003,球磨,halides
hal_004,Li2ZrCl5Br,8.9e-05,球磨,halides
hal_005,Li2.4Zr0.7In0.2Zn0.1Cl6,0.00031,球磨,halides
hal_006,Li2.9Zr0.2Y0.5In0.2Zn0.1Cl6,0.00018,球磨,halides
hal_007,Li2.7Zr0.4Y0.3In0.2Zn0.1Cl6,0.00028,球磨,halides
hal_008,Li2.5Y0.5Zr0.5Cl6,0.00074,球磨,halides
hal_009,Li2.5Y0.5Zr0.5Cl6 + 5wt%ZrCl4,0.0013,固相,halides
hal_010,Li2.5Y0.5Zr0.5Cl5.5Br0.5 + 5wt%ZrCl4,0.0014,固相,halides
hal_011,Li2.5Y0.5Zr0.5Cl5Br + 5wt%ZrCl4,0.0011,固相,halides
hal_012,Li2.5Y0.5Zr0.5Cl4.5Br1.5 + 5wt%ZrCl4,0.0011,固相,halides
hal_013,Li2.9Y0.9Zr0.1Cl4.5Br1.5 + 5wt%ZrCl4,0.0015,固相,halides
hal_014,Li2.8Y0.8Zr0.2Cl4.5Br1.5 + 5wt%ZrCl4,0.0016,固相,halides
hal_015,Li2.7Y0.7Zr0.3Cl4.5Br1.5 + 5wt%ZrCl4,0.0016,固相,halides
hal_016,Li2.6Y0.6Zr0.4Cl4.5Br1.5 + 5wt%ZrCl4,0.0015,固相,halides
hal_017,Li2.7Y0.7Zr0.3Cl5.5Br0.5 + 5wt%ZrCl4,0.0016,固相,halides
hal_018,Li3.15Y0.75Zr0.05Zn0.2Cl6 + 5wt%ZrCl4,2e-05,固相,halides
